Created By User,Note Count (CntUnq),Claim ID,Last Note Date (Max),Claim From Date,Claim Last Billed Date,Claim Status
dickson.reveloop,3,257699198,03/27/2025,03/03/2025,03/27/2025,REVIEW FOR WRITE OFF-CHARGE BALANCE
dickson.reveloop,2,257699328,03/19/2025,03/03/2025,03/19/2025,BALANCE DUE PATIENT
dickson.reveloop,1,257699627,03/06/2025,03/03/2025,03/06/2025,PAID
dickson.reveloop,1,257813832,03/06/2025,03/04/2025,,DNB ADJUSTMENT
dickson.reveloop,1,257814073,03/06/2025,03/04/2025,03/06/2025,PAID
dickson.reveloop,1,257814304,03/06/2025,03/04/2025,03/06/2025,PENDING PAYMENT AT UNITED HEALTHCARE
dickson.reveloop,2,257814516,03/19/2025,03/04/2025,03/19/2025,BALANCE DUE PATIENT
dickson.reveloop,1,257814629,03/06/2025,03/04/2025,03/06/2025,PAID
dickson.reveloop,1,257918914,03/06/2025,03/05/2025,03/07/2025,PAID
dickson.reveloop,1,257918997,03/06/2025,03/05/2025,03/07/2025,PENDING PAYMENT AT UNITED HEALTHCARE
dickson.reveloop,1,257919102,03/06/2025,03/05/2025,03/12/2025,PROCESSING AT ANTHEM BLUE CROSS CALIFORNIA
dickson.reveloop,2,257919217,03/19/2025,03/05/2025,03/19/2025,BALANCE DUE PATIENT
dickson.reveloop,1,258000512,03/07/2025,03/06/2025,03/07/2025,PENDING PAYMENT AT UNITED HEALTHCARE
dickson.reveloop,2,258001273,03/19/2025,03/06/2025,03/19/2025,BALANCE DUE PATIENT
dickson.reveloop,2,258158928,03/19/2025,03/07/2025,03/19/2025,BALANCE DUE PATIENT
dickson.reveloop,2,258158950,03/19/2025,03/08/2025,03/19/2025,BALANCE DUE PATIENT
dickson.reveloop,1,258160329,03/10/2025,03/07/2025,03/13/2025,REPRICING APPEAL SENT TO ANTHEM BLUE CROSS CALIFORNIA
dickson.reveloop,1,258160496,03/10/2025,03/07/2025,03/13/2025,PENDING PAYMENT AT UNITED HEALTHCARE
dickson.reveloop,1,258162281,03/10/2025,03/07/2025,03/26/2025,PROCESSING AT AETNA
dickson.reveloop,2,258162561,03/19/2025,03/07/2025,,DNB ADJUSTMENT
dickson.reveloop,1,258284863,03/11/2025,03/10/2025,03/13/2025,PENDING PAYMENT AT UNITED HEALTHCARE
dickson.reveloop,1,258394253,03/19/2025,03/10/2025,03/19/2025,APPROVED TO PAY AT UPMC HEALTH PLAN COMMERCIAL
dickson.reveloop,1,258398643,03/19/2025,03/11/2025,03/19/2025,APPROVED TO PAY AT UPMC HEALTH PLAN COMMERCIAL
dickson.reveloop,1,258489594,03/19/2025,03/12/2025,03/19/2025,APPROVED TO PAY AT UPMC HEALTH PLAN COMMERCIAL
dickson.reveloop,1,258490646,03/20/2025,03/12/2025,,DNB ADJUSTMENT
dickson.reveloop,1,258566466,03/19/2025,03/13/2025,03/19/2025,PROCESSING AT UPMC HEALTH PLAN COMMERCIAL
dickson.reveloop,1,258567544,03/20/2025,03/13/2025,,DNB ADJUSTMENT
dickson.reveloop,1,258751587,03/19/2025,03/14/2025,03/19/2025,PROCESSING AT UPMC HEALTH PLAN COMMERCIAL
dickson.reveloop,1,258751616,03/19/2025,03/15/2025,03/19/2025,PROCESSING AT UPMC HEALTH PLAN COMMERCIAL
dickson.reveloop,1,258751646,03/19/2025,03/16/2025,03/19/2025,PROCESSING AT UPMC HEALTH PLAN COMMERCIAL
dickson.reveloop,1,258751757,03/19/2025,03/14/2025,,DNB ADJUSTMENT
dickson.reveloop,1,258752363,03/17/2025,03/15/2025,03/18/2025,PENDING PAYMENT AT ANTHEM BLUE CROSS CALIFORNIA
dickson.reveloop,1,258752508,03/17/2025,03/16/2025,03/18/2025,APPROVED TO PAY AT ANTHEM BLUE CROSS CALIFORNIA
dickson.reveloop,1,258752973,03/17/2025,03/15/2025,03/18/2025,PENDING PAYMENT AT UNITED HEALTHCARE
dickson.reveloop,1,258753001,03/17/2025,03/16/2025,03/18/2025,PENDING PAYMENT AT UNITED HEALTHCARE
dickson.reveloop,1,258753335,03/20/2025,03/14/2025,,DNB ADJUSTMENT
dickson.reveloop,1,258753364,03/20/2025,03/15/2025,,DNB ADJUSTMENT
dickson.reveloop,1,258753412,03/20/2025,03/16/2025,,DNB ADJUSTMENT
dickson.reveloop,1,258753722,03/17/2025,03/16/2025,03/18/2025,REPRICING PAYMENT PENDING AT CIGNA HEALTH PLANS
dickson.reveloop,1,258816713,03/19/2025,03/17/2025,03/19/2025,PROCESSING AT UPMC HEALTH PLAN COMMERCIAL
dickson.reveloop,1,258816799,03/20/2025,03/17/2025,,DNB ADJUSTMENT
dickson.reveloop,1,258990133,03/19/2025,03/18/2025,03/19/2025,PROCESSING AT UPMC HEALTH PLAN COMMERCIAL
dickson.reveloop,1,258990262,03/20/2025,03/18/2025,,DNB ADJUSTMENT
dickson.reveloop,1,260219011,04/17/2025,04/02/2025,,REVIEW FOR WRITE OFF-CHARGE BALANCE
dickson.reveloop,1,260328083,04/17/2025,04/03/2025,,REVIEW FOR WRITE OFF-CHARGE BALANCE
dickson.reveloop,1,260521566,04/17/2025,04/04/2025,,REVIEW FOR WRITE OFF-CHARGE BALANCE
dickson.reveloop,1,260611750,04/11/2025,04/07/2025,04/11/2025,PROCESSING AT UNITED HEALTHCARE
edgar@reveloop,3,257698523,04/14/2025,03/03/2025,03/05/2025,PAID
edgar@reveloop,3,257699328,04/15/2025,03/03/2025,03/19/2025,BALANCE DUE PATIENT
edgar@reveloop,5,257699627,04/15/2025,03/03/2025,03/06/2025,PAID
edgar@reveloop,3,257814073,04/14/2025,03/04/2025,03/06/2025,PAID
edgar@reveloop,2,257814516,04/15/2025,03/04/2025,03/19/2025,BALANCE DUE PATIENT
edgar@reveloop,5,257814629,04/15/2025,03/04/2025,03/06/2025,PAID
edgar@reveloop,3,257918914,04/14/2025,03/05/2025,03/07/2025,PAID
edgar@reveloop,2,257919217,04/15/2025,03/05/2025,03/19/2025,BALANCE DUE PATIENT
edgar@reveloop,2,258001273,04/15/2025,03/06/2025,03/19/2025,BALANCE DUE PATIENT
edgar@reveloop,8,258158751,04/21/2025,03/07/2025,03/11/2025,REPRICING OF CLAIM IN PROCESS AT UNITED HEALTHCARE
edgar@reveloop,8,258158767,04/21/2025,03/08/2025,03/11/2025,REPRICING OF CLAIM IN PROCESS AT UNITED HEALTHCARE
edgar@reveloop,8,258158816,04/21/2025,03/09/2025,03/11/2025,REPRICING OF CLAIM IN PROCESS AT UNITED HEALTHCARE
edgar@reveloop,2,258158928,04/15/2025,03/07/2025,03/19/2025,BALANCE DUE PATIENT
edgar@reveloop,2,258158950,04/15/2025,03/08/2025,03/19/2025,BALANCE DUE PATIENT
edgar@reveloop,9,258159437,04/15/2025,03/07/2025,03/10/2025,BALANCE DUE PATIENT
edgar@reveloop,9,258159466,04/15/2025,03/08/2025,03/10/2025,BALANCE DUE PATIENT
edgar@reveloop,9,258159479,04/15/2025,03/09/2025,03/10/2025,BALANCE DUE PATIENT
edgar@reveloop,8,258159753,04/21/2025,03/09/2025,03/12/2025,REPRICING PAYMENT PENDING AT CIGNA HEALTH PLANS
edgar@reveloop,8,258160329,04/21/2025,03/07/2025,03/13/2025,REPRICING APPEAL SENT TO ANTHEM BLUE CROSS CALIFORNIA
edgar@reveloop,8,258160357,04/21/2025,03/08/2025,03/10/2025,REPRICING APPEAL SENT TO ANTHEM BLUE CROSS CALIFORNIA
edgar@reveloop,8,258160407,04/21/2025,03/09/2025,03/10/2025,REPRICING APPEAL SENT TO ANTHEM BLUE CROSS CALIFORNIA
edgar@reveloop,9,258283945,04/15/2025,03/10/2025,03/11/2025,BALANCE DUE PATIENT
edgar@reveloop,8,258284150,04/21/2025,03/10/2025,03/11/2025,REPRICING OF CLAIM IN PROCESS AT UNITED HEALTHCARE
edgar@reveloop,8,258284469,04/21/2025,03/10/2025,03/12/2025,REPRICING PAYMENT PENDING AT CIGNA HEALTH PLANS
edgar@reveloop,8,258285053,04/21/2025,03/10/2025,03/11/2025,REPRICING APPEAL SENT TO ANTHEM BLUE CROSS CALIFORNIA
edgar@reveloop,8,258398572,04/21/2025,03/11/2025,03/12/2025,REPRICING OF CLAIM IN PROCESS AT UNITED HEALTHCARE
edgar@reveloop,10,258398788,04/15/2025,03/11/2025,03/12/2025,BALANCE DUE PATIENT
edgar@reveloop,8,258398876,04/21/2025,03/11/2025,03/12/2025,REPRICING PAYMENT PENDING AT CIGNA HEALTH PLANS
edgar@reveloop,8,258399051,04/21/2025,03/11/2025,03/12/2025,REPRICING APPEAL SENT TO ANTHEM BLUE CROSS CALIFORNIA
edgar@reveloop,6,258489456,04/21/2025,03/12/2025,03/13/2025,REPRICING OF CLAIM IN PROCESS AT UNITED HEALTHCARE
edgar@reveloop,9,258490052,04/15/2025,03/12/2025,03/13/2025,BALANCE DUE PATIENT
edgar@reveloop,8,258490160,04/21/2025,03/12/2025,03/13/2025,REPRICING PAYMENT PENDING AT CIGNA HEALTH PLANS
edgar@reveloop,8,258490471,04/21/2025,03/12/2025,03/13/2025,REPRICING APPEAL SENT TO ANTHEM BLUE CROSS CALIFORNIA
edgar@reveloop,6,258566316,04/21/2025,03/13/2025,03/14/2025,REPRICING OF CLAIM IN PROCESS AT UNITED HEALTHCARE
edgar@reveloop,9,258566719,04/15/2025,03/13/2025,03/14/2025,BALANCE DUE PATIENT
edgar@reveloop,8,258566946,04/21/2025,03/13/2025,03/14/2025,REPRICING PAYMENT PENDING AT CIGNA HEALTH PLANS
edgar@reveloop,8,258567393,04/21/2025,03/13/2025,03/14/2025,REPRICING APPEAL SENT TO ANTHEM BLUE CROSS CALIFORNIA
edgar@reveloop,6,258751498,04/21/2025,03/14/2025,03/17/2025,REPRICING OF CLAIM IN PROCESS AT UNITED HEALTHCARE
edgar@reveloop,8,258752055,04/21/2025,03/14/2025,03/17/2025,REPRICING PAYMENT PENDING AT CIGNA HEALTH PLANS
edgar@reveloop,8,258752151,04/21/2025,03/15/2025,03/17/2025,REPRICING PAYMENT PENDING AT CIGNA HEALTH PLANS
edgar@reveloop,8,258752841,04/21/2025,03/14/2025,03/17/2025,REPRICING APPEAL SENT TO ANTHEM BLUE CROSS CALIFORNIA
edgar@reveloop,4,258752858,04/21/2025,03/15/2025,03/17/2025,REPRICING APPEAL SENT TO ANTHEM BLUE CROSS CALIFORNIA
edgar@reveloop,8,258752880,04/21/2025,03/16/2025,03/17/2025,REPRICING APPEAL SENT TO ANTHEM BLUE CROSS CALIFORNIA
edgar@reveloop,6,258753144,04/21/2025,03/15/2025,03/17/2025,REPRICING OF CLAIM IN PROCESS AT UNITED HEALTHCARE
edgar@reveloop,8,258753175,04/21/2025,03/16/2025,03/17/2025,REPRICING OF CLAIM IN PROCESS AT UNITED HEALTHCARE
edgar@reveloop,9,258753565,04/15/2025,03/14/2025,03/17/2025,PAID
edgar@reveloop,9,258753588,04/15/2025,03/15/2025,03/17/2025,PAID
edgar@reveloop,9,258753608,04/15/2025,03/16/2025,03/17/2025,PAID
edgar@reveloop,8,258753722,04/21/2025,03/16/2025,03/18/2025,REPRICING PAYMENT PENDING AT CIGNA HEALTH PLANS
edgar@reveloop,8,258816366,04/21/2025,03/17/2025,03/18/2025,REPRICING APPEAL SENT TO ANTHEM BLUE CROSS CALIFORNIA
edgar@reveloop,8,258816607,04/21/2025,03/17/2025,03/18/2025,REPRICING OF CLAIM IN PROCESS AT UNITED HEALTHCARE
edgar@reveloop,9,258816945,04/15/2025,03/17/2025,03/18/2025,PAID
edgar@reveloop,8,258817072,04/21/2025,03/17/2025,03/18/2025,REPRICING PAYMENT PENDING AT CIGNA HEALTH PLANS
edgar@reveloop,8,258989275,04/21/2025,03/18/2025,03/19/2025,REPRICING APPEAL SENT TO ANTHEM BLUE CROSS CALIFORNIA
edgar@reveloop,8,258989979,04/21/2025,03/18/2025,03/19/2025,REPRICING OF CLAIM IN PROCESS AT UNITED HEALTHCARE
edgar@reveloop,9,258990576,04/15/2025,03/18/2025,03/19/2025,PAID
edgar@reveloop,4,259100317,04/21/2025,03/19/2025,03/20/2025,REPRICING APPEAL SENT TO ANTHEM BLUE CROSS CALIFORNIA
edgar@reveloop,8,259100895,04/21/2025,03/19/2025,03/20/2025,REPRICING OF CLAIM IN PROCESS AT UNITED HEALTHCARE
edgar@reveloop,9,259101387,04/15/2025,03/19/2025,03/20/2025,PAID
edgar@reveloop,8,259156657,04/21/2025,03/20/2025,03/21/2025,REPRICING APPEAL SENT TO ANTHEM BLUE CROSS CALIFORNIA
edgar@reveloop,9,259157028,04/15/2025,03/20/2025,03/21/2025,PAID
edgar@reveloop,8,259157155,04/21/2025,03/20/2025,03/21/2025,REPRICING OF CLAIM IN PROCESS AT UNITED HEALTHCARE
edgar@reveloop,8,259353464,04/21/2025,03/21/2025,03/24/2025,REPRICING APPEAL SENT TO ANTHEM BLUE CROSS CALIFORNIA
edgar@reveloop,8,259353474,04/21/2025,03/22/2025,03/24/2025,REPRICING APPEAL SENT TO ANTHEM BLUE CROSS CALIFORNIA
edgar@reveloop,8,259353482,04/21/2025,03/23/2025,03/24/2025,REPRICING APPEAL SENT TO ANTHEM BLUE CROSS CALIFORNIA
edgar@reveloop,5,259353707,04/15/2025,03/21/2025,03/24/2025,PAID
edgar@reveloop,5,259353723,04/15/2025,03/22/2025,03/24/2025,PAID
edgar@reveloop,5,259353735,04/15/2025,03/23/2025,03/24/2025,PAID
edgar@reveloop,6,259353813,04/21/2025,03/21/2025,03/24/2025,REPRICING OF CLAIM IN PROCESS AT UNITED HEALTHCARE
edgar@reveloop,6,259353825,04/21/2025,03/22/2025,03/24/2025,REPRICING OF CLAIM IN PROCESS AT UNITED HEALTHCARE
edgar@reveloop,6,259353831,04/21/2025,03/23/2025,03/24/2025,REPRICING OF CLAIM IN PROCESS AT UNITED HEALTHCARE
edgar@reveloop,6,259417980,04/21/2025,03/24/2025,03/26/2025,REPRICING APPEAL SENT TO ANTHEM BLUE CROSS CALIFORNIA
edgar@reveloop,5,259419245,04/15/2025,03/24/2025,03/25/2025,PAID
edgar@reveloop,2,259420699,04/21/2025,03/24/2025,03/25/2025,REPRICING OF CLAIM IN PROCESS AT CIGNA HEALTH PLANS
edgar@reveloop,5,259543285,04/15/2025,03/25/2025,03/26/2025,PAID
edgar@reveloop,6,259544684,04/21/2025,03/25/2025,03/26/2025,REPRICING APPEAL SENT TO ANTHEM BLUE CROSS CALIFORNIA
edgar@reveloop,2,259547372,04/22/2025,03/25/2025,03/26/2025,REPRICING OF CLAIM IN PROCESS AT CIGNA HEALTH PLANS
edgar@reveloop,2,259649272,04/14/2025,03/26/2025,03/27/2025,UNDERPAID AT OON ANTHEM BLUE CROSS CALIFORNIA
edgar@reveloop,2,259770240,04/14/2025,03/27/2025,03/28/2025,UNDERPAID AT OON ANTHEM BLUE CROSS CALIFORNIA
edgar@reveloop,2,259909580,04/23/2025,03/30/2025,03/31/2025,BALANCE DUE PATIENT
edgar@reveloop,2,259910804,04/14/2025,03/28/2025,03/31/2025,UNDERPAID AT OON ANTHEM BLUE CROSS CALIFORNIA
edgar@reveloop,2,259910869,04/14/2025,03/29/2025,03/31/2025,UNDERPAID AT OON ANTHEM BLUE CROSS CALIFORNIA
edgar@reveloop,2,259910948,04/14/2025,03/30/2025,03/31/2025,UNDERPAID AT OON ANTHEM BLUE CROSS CALIFORNIA
edgar@reveloop,2,259927156,04/14/2025,03/31/2025,03/31/2025,UNDERPAID AT OON ANTHEM BLUE CROSS CALIFORNIA
edgar@reveloop,2,260110111,04/14/2025,04/01/2025,04/02/2025,UNDERPAID AT OON ANTHEM BLUE CROSS CALIFORNIA
edgar@reveloop,2,260218559,04/14/2025,04/02/2025,04/03/2025,UNDERPAID AT OON ANTHEM BLUE CROSS CALIFORNIA
edgar@reveloop,2,260328649,04/22/2025,04/03/2025,04/04/2025,UNDERPAID AT OON ANTHEM BLUE CROSS CALIFORNIA
edgar@reveloop,2,260522375,04/22/2025,04/04/2025,04/07/2025,UNDERPAID AT OON ANTHEM BLUE CROSS CALIFORNIA
edgar@reveloop,2,260522443,04/22/2025,04/05/2025,04/07/2025,UNDERPAID AT OON ANTHEM BLUE CROSS CALIFORNIA
edgar@reveloop,2,260522502,04/22/2025,04/06/2025,04/07/2025,UNDERPAID AT OON ANTHEM BLUE CROSS CALIFORNIA
edgar@reveloop,2,260615672,04/22/2025,04/07/2025,04/08/2025,UNDERPAID AT OON ANTHEM BLUE CROSS CALIFORNIA
edgar@reveloop,2,260729920,04/22/2025,04/08/2025,04/09/2025,UNDERPAID AT OON ANTHEM BLUE CROSS CALIFORNIA
edgar@reveloop,2,260876099,04/22/2025,04/09/2025,04/10/2025,UNDERPAID AT OON ANTHEM BLUE CROSS CALIFORNIA
ekahimba,10,257696353,04/07/2025,03/03/2025,03/07/2025,PENDING PAYMENT AT ANTHEM BLUE CROSS CALIFORNIA
ekahimba,4,257698523,03/10/2025,03/03/2025,03/05/2025,PAID
ekahimba,12,257698802,04/15/2025,03/03/2025,03/05/2025,PENDING PAYMENT AT UNITED HEALTHCARE
ekahimba,8,257699198,03/27/2025,03/03/2025,03/27/2025,REVIEW FOR WRITE OFF-CHARGE BALANCE
ekahimba,18,257699328,04/10/2025,03/03/2025,03/19/2025,BALANCE DUE PATIENT
ekahimba,6,257699627,03/26/2025,03/03/2025,03/06/2025,PAID
ekahimba,4,257814073,03/10/2025,03/04/2025,03/06/2025,PAID
ekahimba,10,257814304,04/15/2025,03/04/2025,03/06/2025,PENDING PAYMENT AT UNITED HEALTHCARE
ekahimba,16,257814516,04/08/2025,03/04/2025,03/19/2025,BALANCE DUE PATIENT
ekahimba,6,257814629,03/26/2025,03/04/2025,03/06/2025,PAID
ekahimba,6,257918914,03/27/2025,03/05/2025,03/07/2025,PAID
ekahimba,10,257918997,04/15/2025,03/05/2025,03/07/2025,PENDING PAYMENT AT UNITED HEALTHCARE
ekahimba,14,257919102,04/17/2025,03/05/2025,03/12/2025,PROCESSING AT ANTHEM BLUE CROSS CALIFORNIA
ekahimba,16,257919217,04/08/2025,03/05/2025,03/19/2025,BALANCE DUE PATIENT
ekahimba,12,258000512,04/15/2025,03/06/2025,03/07/2025,PENDING PAYMENT AT UNITED HEALTHCARE
ekahimba,12,258000996,04/15/2025,03/06/2025,03/12/2025,PENDING PAYMENT AT ANTHEM BLUE CROSS CALIFORNIA
ekahimba,14,258001273,04/07/2025,03/06/2025,03/19/2025,BALANCE DUE PATIENT
ekahimba,4,258157988,04/14/2025,03/08/2025,03/12/2025,PENDING PAYMENT AT ANTHEM BLUE CROSS CALIFORNIA
ekahimba,4,258158007,04/14/2025,03/09/2025,03/12/2025,PENDING PAYMENT AT ANTHEM BLUE CROSS CALIFORNIA
ekahimba,2,258158444,04/22/2025,03/08/2025,03/12/2025,PENDING PAYMENT AT UNITED HEALTHCARE
ekahimba,2,258158470,04/22/2025,03/09/2025,03/12/2025,PENDING PAYMENT AT UNITED HEALTHCARE
ekahimba,14,258158928,04/07/2025,03/07/2025,03/19/2025,BALANCE DUE PATIENT
ekahimba,14,258158950,04/07/2025,03/08/2025,03/19/2025,BALANCE DUE PATIENT
ekahimba,20,258159238,04/18/2025,03/07/2025,03/11/2025,DENIED AT ANTHEM BLUE CROSS CALIFORNIA
ekahimba,20,258159258,04/18/2025,03/08/2025,03/11/2025,DENIED AT ANTHEM BLUE CROSS CALIFORNIA
ekahimba,20,258159270,04/18/2025,03/09/2025,03/11/2025,DENIED AT ANTHEM BLUE CROSS CALIFORNIA
ekahimba,6,258159437,03/24/2025,03/07/2025,03/10/2025,BALANCE DUE PATIENT
ekahimba,8,258159466,03/24/2025,03/08/2025,03/10/2025,BALANCE DUE PATIENT
ekahimba,6,258159479,03/24/2025,03/09/2025,03/10/2025,BALANCE DUE PATIENT
ekahimba,18,258159753,04/07/2025,03/09/2025,03/12/2025,REPRICING PAYMENT PENDING AT CIGNA HEALTH PLANS
ekahimba,4,258160329,03/14/2025,03/07/2025,03/13/2025,REPRICING APPEAL SENT TO ANTHEM BLUE CROSS CALIFORNIA
ekahimba,4,258160357,03/14/2025,03/08/2025,03/10/2025,REPRICING APPEAL SENT TO ANTHEM BLUE CROSS CALIFORNIA
ekahimba,2,258160407,03/14/2025,03/09/2025,03/10/2025,REPRICING APPEAL SENT TO ANTHEM BLUE CROSS CALIFORNIA
ekahimba,8,258160496,04/15/2025,03/07/2025,03/13/2025,PENDING PAYMENT AT UNITED HEALTHCARE
ekahimba,14,258160505,04/15/2025,03/08/2025,03/10/2025,PENDING PAYMENT AT UNITED HEALTHCARE
ekahimba,12,258160513,04/15/2025,03/09/2025,03/10/2025,PENDING PAYMENT AT UNITED HEALTHCARE
ekahimba,12,258160580,04/15/2025,03/07/2025,03/12/2025,PENDING PAYMENT AT ANTHEM BLUE CROSS CALIFORNIA
ekahimba,12,258160598,04/15/2025,03/08/2025,03/12/2025,PENDING PAYMENT AT ANTHEM BLUE CROSS CALIFORNIA
ekahimba,12,258160655,04/15/2025,03/09/2025,03/12/2025,PENDING PAYMENT AT ANTHEM BLUE CROSS CALIFORNIA
ekahimba,16,258162281,04/22/2025,03/07/2025,03/26/2025,PROCESSING AT AETNA
ekahimba,2,258283945,03/21/2025,03/10/2025,03/11/2025,BALANCE DUE PATIENT
ekahimba,20,258284042,04/18/2025,03/10/2025,03/11/2025,DENIED AT ANTHEM BLUE CROSS CALIFORNIA
ekahimba,2,258284150,03/17/2025,03/10/2025,03/11/2025,REPRICING OF CLAIM IN PROCESS AT UNITED HEALTHCARE
ekahimba,4,258284245,04/14/2025,03/10/2025,03/12/2025,PENDING PAYMENT AT ANTHEM BLUE CROSS CALIFORNIA
ekahimba,2,258284320,04/22/2025,03/10/2025,03/12/2025,PENDING PAYMENT AT UNITED HEALTHCARE
ekahimba,19,258284469,04/07/2025,03/10/2025,03/12/2025,REPRICING PAYMENT PENDING AT CIGNA HEALTH PLANS
ekahimba,6,258284863,04/15/2025,03/10/2025,03/13/2025,PENDING PAYMENT AT UNITED HEALTHCARE
ekahimba,12,258284992,04/15/2025,03/10/2025,03/12/2025,PENDING PAYMENT AT ANTHEM BLUE CROSS CALIFORNIA
ekahimba,2,258285053,03/14/2025,03/10/2025,03/11/2025,REPRICING APPEAL SENT TO ANTHEM BLUE CROSS CALIFORNIA
ekahimba,4,258394253,04/02/2025,03/10/2025,03/19/2025,APPROVED TO PAY AT UPMC HEALTH PLAN COMMERCIAL
ekahimba,4,258398443,04/14/2025,03/11/2025,03/12/2025,PENDING PAYMENT AT ANTHEM BLUE CROSS CALIFORNIA
ekahimba,4,258398501,04/22/2025,03/11/2025,03/12/2025,PENDING PAYMENT AT UNITED HEALTHCARE
ekahimba,2,258398572,03/17/2025,03/11/2025,03/12/2025,REPRICING OF CLAIM IN PROCESS AT UNITED HEALTHCARE
ekahimba,4,258398643,04/02/2025,03/11/2025,03/19/2025,APPROVED TO PAY AT UPMC HEALTH PLAN COMMERCIAL
ekahimba,20,258398692,04/18/2025,03/11/2025,03/12/2025,PROCESSING AT ANTHEM BLUE CROSS CALIFORNIA
ekahimba,6,258398788,03/24/2025,03/11/2025,03/12/2025,BALANCE DUE PATIENT
ekahimba,21,258398876,04/07/2025,03/11/2025,03/12/2025,REPRICING PAYMENT PENDING AT CIGNA HEALTH PLANS
ekahimba,2,258399051,03/14/2025,03/11/2025,03/12/2025,REPRICING APPEAL SENT TO ANTHEM BLUE CROSS CALIFORNIA
ekahimba,10,258399132,04/15/2025,03/11/2025,03/12/2025,PENDING PAYMENT AT UNITED HEALTHCARE
ekahimba,14,258399192,04/17/2025,03/11/2025,03/12/2025,APPROVED TO PAY AT ANTHEM BLUE CROSS CALIFORNIA
ekahimba,4,258489141,04/14/2025,03/12/2025,03/13/2025,PENDING PAYMENT AT ANTHEM BLUE CROSS CALIFORNIA
ekahimba,10,258489307,04/22/2025,03/12/2025,03/13/2025,PENDING PAYMENT AT UNITED HEALTHCARE
ekahimba,2,258489456,03/17/2025,03/12/2025,03/13/2025,REPRICING OF CLAIM IN PROCESS AT UNITED HEALTHCARE
ekahimba,4,258489594,04/02/2025,03/12/2025,03/19/2025,APPROVED TO PAY AT UPMC HEALTH PLAN COMMERCIAL
ekahimba,20,258489731,04/18/2025,03/12/2025,03/13/2025,PROCESSING AT ANTHEM BLUE CROSS CALIFORNIA
ekahimba,4,258490052,03/21/2025,03/12/2025,03/13/2025,BALANCE DUE PATIENT
ekahimba,22,258490160,04/08/2025,03/12/2025,03/13/2025,REPRICING PAYMENT PENDING AT CIGNA HEALTH PLANS
ekahimba,4,258490471,03/14/2025,03/12/2025,03/13/2025,REPRICING APPEAL SENT TO ANTHEM BLUE CROSS CALIFORNIA
ekahimba,4,258566025,04/14/2025,03/13/2025,03/14/2025,PENDING PAYMENT AT ANTHEM BLUE CROSS CALIFORNIA
ekahimba,8,258566148,04/07/2025,03/13/2025,03/14/2025,PENDING PAYMENT AT UNITED HEALTHCARE
ekahimba,4,258566316,03/31/2025,03/13/2025,03/14/2025,REPRICING OF CLAIM IN PROCESS AT UNITED HEALTHCARE
ekahimba,2,258566466,04/02/2025,03/13/2025,03/19/2025,PROCESSING AT UPMC HEALTH PLAN COMMERCIAL
ekahimba,17,258566620,04/18/2025,03/13/2025,03/14/2025,PROCESSING AT ANTHEM BLUE CROSS CALIFORNIA
ekahimba,8,258566719,03/24/2025,03/13/2025,03/14/2025,BALANCE DUE PATIENT
ekahimba,20,258566946,04/08/2025,03/13/2025,03/14/2025,REPRICING PAYMENT PENDING AT CIGNA HEALTH PLANS
ekahimba,2,258567393,03/20/2025,03/13/2025,03/14/2025,REPRICING APPEAL SENT TO ANTHEM BLUE CROSS CALIFORNIA
ekahimba,16,258751268,04/23/2025,03/14/2025,03/17/2025,APPROVED TO PAY AT ANTHEM BLUE CROSS CALIFORNIA
ekahimba,6,258751379,04/07/2025,03/14/2025,03/17/2025,PENDING PAYMENT AT UNITED HEALTHCARE
ekahimba,6,258751498,04/02/2025,03/14/2025,03/17/2025,REPRICING OF CLAIM IN PROCESS AT UNITED HEALTHCARE
ekahimba,2,258751587,04/02/2025,03/14/2025,03/19/2025,PROCESSING AT UPMC HEALTH PLAN COMMERCIAL
ekahimba,2,258751616,04/02/2025,03/15/2025,03/19/2025,PROCESSING AT UPMC HEALTH PLAN COMMERCIAL
ekahimba,2,258751646,04/02/2025,03/16/2025,03/19/2025,PROCESSING AT UPMC HEALTH PLAN COMMERCIAL
ekahimba,22,258752055,04/08/2025,03/14/2025,03/17/2025,REPRICING PAYMENT PENDING AT CIGNA HEALTH PLANS
ekahimba,22,258752151,04/08/2025,03/15/2025,03/17/2025,REPRICING PAYMENT PENDING AT CIGNA HEALTH PLANS
ekahimba,8,258752363,04/07/2025,03/15/2025,03/18/2025,PENDING PAYMENT AT ANTHEM BLUE CROSS CALIFORNIA
ekahimba,22,258752508,04/23/2025,03/16/2025,03/18/2025,APPROVED TO PAY AT ANTHEM BLUE CROSS CALIFORNIA
ekahimba,4,258752841,03/20/2025,03/14/2025,03/17/2025,REPRICING APPEAL SENT TO ANTHEM BLUE CROSS CALIFORNIA
ekahimba,4,258752858,03/20/2025,03/15/2025,03/17/2025,REPRICING APPEAL SENT TO ANTHEM BLUE CROSS CALIFORNIA
ekahimba,4,258752880,03/20/2025,03/16/2025,03/17/2025,REPRICING APPEAL SENT TO ANTHEM BLUE CROSS CALIFORNIA
ekahimba,6,258752973,04/07/2025,03/15/2025,03/18/2025,PENDING PAYMENT AT UNITED HEALTHCARE
ekahimba,8,258753001,04/22/2025,03/16/2025,03/18/2025,PENDING PAYMENT AT UNITED HEALTHCARE
ekahimba,6,258753144,04/02/2025,03/15/2025,03/17/2025,REPRICING OF CLAIM IN PROCESS AT UNITED HEALTHCARE
ekahimba,14,258753565,03/28/2025,03/14/2025,03/17/2025,PAID
ekahimba,15,258753588,03/28/2025,03/15/2025,03/17/2025,PAID
ekahimba,14,258753608,03/28/2025,03/16/2025,03/17/2025,PAID
ekahimba,20,258753722,04/07/2025,03/16/2025,03/18/2025,REPRICING PAYMENT PENDING AT CIGNA HEALTH PLANS
ekahimba,21,258816248,04/23/2025,03/17/2025,03/18/2025,APPROVED TO PAY AT ANTHEM BLUE CROSS CALIFORNIA
ekahimba,6,258816366,03/21/2025,03/17/2025,03/18/2025,REPRICING APPEAL SENT TO ANTHEM BLUE CROSS CALIFORNIA
ekahimba,10,258816511,04/10/2025,03/17/2025,03/18/2025,PENDING PAYMENT AT UNITED HEALTHCARE
ekahimba,2,258816713,04/02/2025,03/17/2025,03/19/2025,PROCESSING AT UPMC HEALTH PLAN COMMERCIAL
ekahimba,12,258816945,03/28/2025,03/17/2025,03/18/2025,PAID
ekahimba,24,258817072,04/10/2025,03/17/2025,03/18/2025,REPRICING PAYMENT PENDING AT CIGNA HEALTH PLANS
ekahimba,14,258988660,04/22/2025,03/18/2025,03/19/2025,PENDING PAYMENT AT UNITED HEALTHCARE
ekahimba,16,258988938,04/23/2025,03/18/2025,03/19/2025,APPROVED TO PAY AT ANTHEM BLUE CROSS CALIFORNIA
ekahimba,4,258989275,03/21/2025,03/18/2025,03/19/2025,REPRICING APPEAL SENT TO ANTHEM BLUE CROSS CALIFORNIA
ekahimba,10,258989736,04/10/2025,03/18/2025,03/19/2025,PENDING PAYMENT AT UNITED HEALTHCARE
ekahimba,2,258990133,04/02/2025,03/18/2025,03/19/2025,PROCESSING AT UPMC HEALTH PLAN COMMERCIAL
ekahimba,6,258990576,03/28/2025,03/18/2025,03/19/2025,PAID
ekahimba,23,258990743,04/18/2025,03/18/2025,03/19/2025,PENDING PAYMENT AT CIGNA HEALTH PLANS
ekahimba,16,259099746,04/23/2025,03/19/2025,03/20/2025,APPROVED TO PAY AT ANTHEM BLUE CROSS CALIFORNIA
ekahimba,14,259100120,04/22/2025,03/19/2025,03/20/2025,PENDING PAYMENT AT UNITED HEALTHCARE
ekahimba,6,259100317,03/31/2025,03/19/2025,03/20/2025,REPRICING APPEAL SENT TO ANTHEM BLUE CROSS CALIFORNIA
ekahimba,10,259100587,04/10/2025,03/19/2025,03/20/2025,PENDING PAYMENT AT UNITED HEALTHCARE
ekahimba,2,259101032,04/02/2025,03/19/2025,03/20/2025,PROCESSING AT UPMC HEALTH PLAN COMMERCIAL
ekahimba,8,259101387,03/28/2025,03/19/2025,03/20/2025,PAID
ekahimba,22,259101627,04/14/2025,03/19/2025,03/20/2025,PENDING PAYMENT AT CIGNA HEALTH PLANS
ekahimba,14,259156432,04/22/2025,03/20/2025,03/21/2025,PENDING PAYMENT AT UNITED HEALTHCARE
ekahimba,14,259156525,04/23/2025,03/20/2025,03/21/2025,APPROVED TO PAY AT ANTHEM BLUE CROSS CALIFORNIA
ekahimba,2,259156657,03/25/2025,03/20/2025,03/21/2025,REPRICING APPEAL SENT TO ANTHEM BLUE CROSS CALIFORNIA
ekahimba,10,259156782,04/10/2025,03/20/2025,03/21/2025,PENDING PAYMENT AT UNITED HEALTHCARE
ekahimba,2,259156897,04/02/2025,03/20/2025,03/21/2025,PROCESSING AT UPMC HEALTH PLAN COMMERCIAL
ekahimba,6,259157028,03/28/2025,03/20/2025,03/21/2025,PAID
ekahimba,20,259157298,04/14/2025,03/20/2025,03/21/2025,APPROVED TO PAY AT CIGNA HEALTH PLANS
ekahimba,14,259352588,04/22/2025,03/21/2025,03/24/2025,PENDING PAYMENT AT UNITED HEALTHCARE
ekahimba,14,259352599,04/22/2025,03/22/2025,03/24/2025,PENDING PAYMENT AT UNITED HEALTHCARE
ekahimba,14,259352613,04/22/2025,03/23/2025,03/24/2025,PENDING PAYMENT AT UNITED HEALTHCARE
ekahimba,8,259353072,04/14/2025,03/23/2025,03/25/2025,PENDING PAYMENT AT UNITED HEALTHCARE SHARED SERVICESGEHA
ekahimba,12,259353393,04/16/2025,03/21/2025,03/24/2025,APPROVED TO PAY AT ANTHEM BLUE CROSS CALIFORNIA
ekahimba,12,259353400,04/16/2025,03/22/2025,03/24/2025,APPROVED TO PAY AT ANTHEM BLUE CROSS CALIFORNIA
ekahimba,12,259353421,04/16/2025,03/23/2025,03/24/2025,APPROVED TO PAY AT ANTHEM BLUE CROSS CALIFORNIA
ekahimba,6,259353464,03/28/2025,03/21/2025,03/24/2025,REPRICING APPEAL SENT TO ANTHEM BLUE CROSS CALIFORNIA
ekahimba,6,259353474,03/28/2025,03/22/2025,03/24/2025,REPRICING APPEAL SENT TO ANTHEM BLUE CROSS CALIFORNIA
ekahimba,6,259353482,03/28/2025,03/23/2025,03/24/2025,REPRICING APPEAL SENT TO ANTHEM BLUE CROSS CALIFORNIA
ekahimba,6,259353525,04/07/2025,03/21/2025,03/24/2025,PENDING PAYMENT AT UNITED HEALTHCARE
ekahimba,6,259353543,04/07/2025,03/22/2025,03/24/2025,PENDING PAYMENT AT UNITED HEALTHCARE
ekahimba,6,259353550,04/07/2025,03/23/2025,03/24/2025,PENDING PAYMENT AT UNITED HEALTHCARE
ekahimba,2,259353608,04/02/2025,03/21/2025,03/24/2025,PROCESSING AT UPMC HEALTH PLAN COMMERCIAL
ekahimba,2,259353614,04/02/2025,03/22/2025,03/24/2025,PROCESSING AT UPMC HEALTH PLAN COMMERCIAL
ekahimba,2,259353621,04/02/2025,03/23/2025,03/24/2025,PROCESSING AT UPMC HEALTH PLAN COMMERCIAL
ekahimba,12,259353707,04/04/2025,03/21/2025,03/24/2025,PAID
ekahimba,12,259353723,04/04/2025,03/22/2025,03/24/2025,PAID
ekahimba,12,259353735,04/04/2025,03/23/2025,03/24/2025,PAID
ekahimba,4,259353813,03/27/2025,03/21/2025,03/24/2025,REPRICING OF CLAIM IN PROCESS AT UNITED HEALTHCARE
ekahimba,4,259353825,03/27/2025,03/22/2025,03/24/2025,REPRICING OF CLAIM IN PROCESS AT UNITED HEALTHCARE
ekahimba,4,259353831,03/27/2025,03/23/2025,03/24/2025,REPRICING OF CLAIM IN PROCESS AT UNITED HEALTHCARE
ekahimba,26,259354062,04/21/2025,03/21/2025,03/24/2025,PENDING PAYMENT AT CIGNA HEALTH PLANS
ekahimba,20,259354071,04/18/2025,03/22/2025,03/24/2025,PENDING PAYMENT AT CIGNA HEALTH PLANS
ekahimba,22,259354110,04/18/2025,03/23/2025,03/24/2025,PENDING PAYMENT AT CIGNA HEALTH PLANS
ekahimba,12,259414384,04/21/2025,03/24/2025,03/25/2025,PENDING PAYMENT AT UNITED HEALTHCARE SHARED SERVICESGEHA
ekahimba,14,259414725,04/22/2025,03/24/2025,03/25/2025,APPROVED TO PAY AT UNITED HEALTHCARE
ekahimba,8,259418557,04/22/2025,03/24/2025,03/25/2025,PENDING PAYMENT AT UNITED HEALTHCARE
ekahimba,2,259418833,04/02/2025,03/24/2025,03/25/2025,PROCESSING AT UPMC HEALTH PLAN COMMERCIAL
ekahimba,10,259419245,04/04/2025,03/24/2025,03/25/2025,PAID
ekahimba,21,259420699,04/16/2025,03/24/2025,03/25/2025,REPRICING OF CLAIM IN PROCESS AT CIGNA HEALTH PLANS
ekahimba,10,259461828,04/16/2025,03/24/2025,03/25/2025,APPROVED TO PAY AT ANTHEM BLUE CROSS CALIFORNIA
ekahimba,6,259537743,04/04/2025,03/24/2025,03/26/2025,PENDING PAYMENT AT UNITED HEALTHCARE
ekahimba,6,259537856,04/04/2025,03/25/2025,03/26/2025,PENDING PAYMENT AT UNITED HEALTHCARE
ekahimba,14,259538769,04/22/2025,03/25/2025,03/26/2025,APPROVED TO PAY AT UNITED HEALTHCARE
ekahimba,12,259539920,04/21/2025,03/25/2025,03/26/2025,PENDING PAYMENT AT UNITED HEALTHCARE SHARED SERVICESGEHA
ekahimba,6,259543285,04/04/2025,03/25/2025,03/26/2025,PAID
ekahimba,10,259545315,04/16/2025,03/25/2025,03/26/2025,APPROVED TO PAY AT ANTHEM BLUE CROSS CALIFORNIA
ekahimba,10,259545924,04/10/2025,03/25/2025,03/26/2025,PENDING PAYMENT AT UNITED HEALTHCARE
ekahimba,2,259546825,04/02/2025,03/25/2025,03/26/2025,PROCESSING AT UPMC HEALTH PLAN COMMERCIAL
ekahimba,22,259547372,04/18/2025,03/25/2025,03/26/2025,REPRICING OF CLAIM IN PROCESS AT CIGNA HEALTH PLANS
ekahimba,2,259646717,04/01/2025,03/26/2025,03/31/2025,PROCESSING AT UNITED MEDICAL RESOURCES
ekahimba,6,259647658,04/04/2025,03/26/2025,03/27/2025,PENDING PAYMENT AT UNITED HEALTHCARE
ekahimba,12,259647913,04/17/2025,03/26/2025,03/27/2025,APPROVED TO PAY AT UNITED HEALTHCARE
ekahimba,10,259648195,04/15/2025,03/26/2025,03/27/2025,PENDING PAYMENT AT UNITED HEALTHCARE SHARED SERVICESGEHA
ekahimba,8,259648741,04/14/2025,03/26/2025,03/27/2025,PENDING PAYMENT AT CIGNA HEALTH PLANS
ekahimba,10,259649625,04/16/2025,03/26/2025,03/27/2025,APPROVED TO PAY AT ANTHEM BLUE CROSS CALIFORNIA
ekahimba,10,259649922,04/10/2025,03/26/2025,03/28/2025,APPROVED TO PAY AT UNITED HEALTHCARE
ekahimba,2,259652490,04/02/2025,03/26/2025,03/27/2025,PROCESSING AT UPMC HEALTH PLAN COMMERCIAL
ekahimba,21,259652897,04/21/2025,03/26/2025,03/27/2025,PENDING PAYMENT AT CIGNA HEALTH PLANS
ekahimba,2,259768854,04/01/2025,03/27/2025,03/31/2025,PROCESSING AT UNITED MEDICAL RESOURCES
ekahimba,6,259768982,04/04/2025,03/27/2025,03/28/2025,PENDING PAYMENT AT UNITED HEALTHCARE
ekahimba,10,259769319,04/21/2025,03/27/2025,03/31/2025,APPROVED TO PAY AT ANTHEM BLUE CROSS CALIFORNIA
ekahimba,16,259769915,04/22/2025,03/27/2025,03/28/2025,APPROVED TO PAY AT UNITED HEALTHCARE
ekahimba,10,259770045,04/15/2025,03/27/2025,03/28/2025,PENDING PAYMENT AT UNITED HEALTHCARE SHARED SERVICESGEHA
ekahimba,12,259770347,04/18/2025,03/27/2025,03/28/2025,PENDING PAYMENT AT ANTHEM BLUE CROSS CALIFORNIA
ekahimba,10,259770496,04/10/2025,03/27/2025,03/28/2025,APPROVED TO PAY AT UNITED HEALTHCARE
ekahimba,2,259770581,04/02/2025,03/27/2025,03/28/2025,PROCESSING AT UPMC HEALTH PLAN COMMERCIAL
ekahimba,20,259770657,04/21/2025,03/27/2025,03/28/2025,PENDING PAYMENT AT CIGNA HEALTH PLANS
ekahimba,15,259890933,04/23/2025,03/28/2025,03/31/2025,PROCESSING AT UNITED HEALTHCARE
ekahimba,14,259891136,04/21/2025,03/29/2025,03/31/2025,APPROVED TO PAY AT UNITED HEALTHCARE
ekahimba,12,259891450,04/17/2025,03/30/2025,03/31/2025,APPROVED TO PAY AT UNITED HEALTHCARE
ekahimba,2,259905921,04/01/2025,03/28/2025,03/31/2025,PROCESSING AT UNITED MEDICAL RESOURCES
ekahimba,2,259906066,04/01/2025,03/29/2025,03/31/2025,PROCESSING AT UNITED MEDICAL RESOURCES
ekahimba,2,259906407,04/01/2025,03/30/2025,03/31/2025,PROCESSING AT UNITED MEDICAL RESOURCES
ekahimba,6,259907169,04/04/2025,03/28/2025,03/31/2025,PENDING PAYMENT AT UNITED HEALTHCARE
ekahimba,6,259907258,04/04/2025,03/29/2025,04/09/2025,PENDING PAYMENT AT UNITED HEALTHCARE
ekahimba,6,259907325,04/04/2025,03/30/2025,04/09/2025,PENDING PAYMENT AT UNITED HEALTHCARE
ekahimba,10,259907668,04/21/2025,03/28/2025,03/31/2025,APPROVED TO PAY AT ANTHEM BLUE CROSS CALIFORNIA
ekahimba,10,259907760,04/21/2025,03/29/2025,03/31/2025,APPROVED TO PAY AT ANTHEM BLUE CROSS CALIFORNIA
ekahimba,10,259907833,04/21/2025,03/30/2025,03/31/2025,APPROVED TO PAY AT ANTHEM BLUE CROSS CALIFORNIA
ekahimba,16,259908339,04/23/2025,03/28/2025,03/31/2025,APPROVED TO PAY AT ANTHEM BLUE CROSS CALIFORNIA
ekahimba,12,259908588,04/18/2025,03/29/2025,03/31/2025,APPROVED TO PAY AT ANTHEM BLUE CROSS CALIFORNIA
ekahimba,12,259908756,04/18/2025,03/30/2025,03/31/2025,APPROVED TO PAY AT ANTHEM BLUE CROSS CALIFORNIA
ekahimba,10,259909107,04/16/2025,03/28/2025,03/31/2025,APPROVED TO PAY AT UNITED HEALTHCARE
ekahimba,8,259909205,04/16/2025,03/29/2025,03/31/2025,APPROVED TO PAY AT UNITED HEALTHCARE
ekahimba,10,259909580,04/16/2025,03/30/2025,03/31/2025,BALANCE DUE PATIENT
ekahimba,10,259909848,04/15/2025,03/28/2025,03/31/2025,PENDING PAYMENT AT UNITED HEALTHCARE SHARED SERVICESGEHA
ekahimba,8,259909940,04/14/2025,03/29/2025,03/31/2025,PENDING PAYMENT AT UNITED HEALTHCARE SHARED SERVICESGEHA
ekahimba,10,259909995,04/15/2025,03/30/2025,03/31/2025,PENDING PAYMENT AT UNITED HEALTHCARE SHARED SERVICESGEHA
ekahimba,2,259910312,04/02/2025,03/28/2025,03/31/2025,PROCESSING AT UPMC HEALTH PLAN COMMERCIAL
ekahimba,2,259910523,04/02/2025,03/29/2025,03/31/2025,PROCESSING AT UPMC HEALTH PLAN COMMERCIAL
ekahimba,2,259910575,04/02/2025,03/30/2025,03/31/2025,PROCESSING AT UPMC HEALTH PLAN COMMERCIAL
ekahimba,20,259911161,04/21/2025,03/28/2025,03/31/2025,PENDING PAYMENT AT CIGNA HEALTH PLANS
ekahimba,20,259911202,04/21/2025,03/29/2025,03/31/2025,PENDING PAYMENT AT CIGNA HEALTH PLANS
ekahimba,20,259911246,04/21/2025,03/30/2025,03/31/2025,PENDING PAYMENT AT CIGNA HEALTH PLANS
ekahimba,2,259926693,04/01/2025,03/31/2025,03/31/2025,PROCESSING AT UNITED MEDICAL RESOURCES
ekahimba,6,259926730,04/04/2025,03/31/2025,03/31/2025,PENDING PAYMENT AT UNITED HEALTHCARE
ekahimba,10,259926757,04/21/2025,03/31/2025,03/31/2025,APPROVED TO PAY AT ANTHEM BLUE CROSS CALIFORNIA
ekahimba,12,259926866,04/18/2025,03/31/2025,03/31/2025,APPROVED TO PAY AT ANTHEM BLUE CROSS CALIFORNIA
ekahimba,12,259926924,04/17/2025,03/31/2025,03/31/2025,APPROVED TO PAY AT UNITED HEALTHCARE
ekahimba,10,259926982,04/16/2025,03/31/2025,03/31/2025,APPROVED TO PAY AT UNITED HEALTHCARE
ekahimba,10,259927061,04/15/2025,03/31/2025,03/31/2025,PENDING PAYMENT AT UNITED HEALTHCARE SHARED SERVICESGEHA
ekahimba,2,259927091,04/02/2025,03/31/2025,03/31/2025,PROCESSING AT UPMC HEALTH PLAN COMMERCIAL
ekahimba,20,259927187,04/21/2025,03/31/2025,03/31/2025,PENDING PAYMENT AT CIGNA HEALTH PLANS
ekahimba,2,260110739,04/04/2025,04/01/2025,04/02/2025,PROCESSING AT UNITED HEALTHCARE
ekahimba,12,260111030,04/22/2025,04/01/2025,04/02/2025,PROCESSING AT ANTHEM BLUE CROSS CALIFORNIA
ekahimba,16,260111495,04/23/2025,04/01/2025,04/02/2025,PROCESSING AT ANTHEM BLUE CROSS CALIFORNIA
ekahimba,10,260111778,04/21/2025,04/01/2025,04/02/2025,APPROVED TO PAY AT UNITED HEALTHCARE
ekahimba,10,260112233,04/16/2025,04/01/2025,04/02/2025,APPROVED TO PAY AT UNITED HEALTHCARE
ekahimba,8,260112489,04/21/2025,04/01/2025,04/02/2025,PENDING PAYMENT AT UNITED HEALTHCARE SHARED SERVICESGEHA
ekahimba,2,260113022,04/14/2025,04/01/2025,04/02/2025,PENDING PAYMENT AT ANTHEM BLUE CROSS CALIFORNIA
ekahimba,17,260113624,04/23/2025,04/01/2025,04/02/2025,PENDING PAYMENT AT CIGNA HEALTH PLANS
ekahimba,12,260215432,04/22/2025,04/02/2025,04/03/2025,PROCESSING AT ANTHEM BLUE CROSS CALIFORNIA
ekahimba,16,260217483,04/23/2025,04/02/2025,04/03/2025,PROCESSING AT ANTHEM BLUE CROSS CALIFORNIA
ekahimba,12,260217829,04/23/2025,04/02/2025,04/03/2025,APPROVED TO PAY AT UNITED HEALTHCARE
ekahimba,6,260218049,04/21/2025,04/02/2025,04/03/2025,PENDING PAYMENT AT UNITED HEALTHCARE SHARED SERVICESGEHA
ekahimba,2,260218444,04/14/2025,04/02/2025,04/03/2025,PENDING PAYMENT AT ANTHEM BLUE CROSS CALIFORNIA
ekahimba,16,260218735,04/21/2025,04/02/2025,04/03/2025,PENDING PAYMENT AT CIGNA HEALTH PLANS
ekahimba,10,260327681,04/22/2025,04/03/2025,04/04/2025,PROCESSING AT ANTHEM BLUE CROSS CALIFORNIA
ekahimba,16,260327808,04/23/2025,04/03/2025,04/04/2025,PROCESSING AT ANTHEM BLUE CROSS CALIFORNIA
ekahimba,10,260327957,04/23/2025,04/03/2025,04/04/2025,PROCESSING AT UNITED HEALTHCARE
ekahimba,6,260328249,04/21/2025,04/03/2025,04/04/2025,PENDING PAYMENT AT UNITED HEALTHCARE SHARED SERVICESGEHA
ekahimba,2,260328543,04/14/2025,04/03/2025,04/04/2025,PENDING PAYMENT AT ANTHEM BLUE CROSS CALIFORNIA
ekahimba,14,260328786,04/21/2025,04/03/2025,04/04/2025,PENDING PAYMENT AT CIGNA HEALTH PLANS
ekahimba,10,260519957,04/22/2025,04/04/2025,04/07/2025,PROCESSING AT ANTHEM BLUE CROSS CALIFORNIA
ekahimba,10,260520052,04/22/2025,04/05/2025,04/07/2025,PROCESSING AT ANTHEM BLUE CROSS CALIFORNIA
ekahimba,10,260520181,04/22/2025,04/06/2025,04/07/2025,PROCESSING AT ANTHEM BLUE CROSS CALIFORNIA
ekahimba,14,260520406,04/23/2025,04/04/2025,04/07/2025,PROCESSING AT ANTHEM BLUE CROSS CALIFORNIA
ekahimba,14,260520502,04/23/2025,04/05/2025,04/07/2025,PROCESSING AT ANTHEM BLUE CROSS CALIFORNIA
ekahimba,14,260520619,04/23/2025,04/06/2025,04/07/2025,PROCESSING AT ANTHEM BLUE CROSS CALIFORNIA
ekahimba,10,260520727,04/23/2025,04/04/2025,04/07/2025,PROCESSING AT UNITED HEALTHCARE
ekahimba,10,260520779,04/23/2025,04/05/2025,04/07/2025,PROCESSING AT UNITED HEALTHCARE
ekahimba,10,260520842,04/23/2025,04/06/2025,04/07/2025,PROCESSING AT UNITED HEALTHCARE
ekahimba,6,260521794,04/21/2025,04/04/2025,04/07/2025,PENDING PAYMENT AT UNITED HEALTHCARE SHARED SERVICESGEHA
ekahimba,6,260521867,04/21/2025,04/05/2025,04/07/2025,PENDING PAYMENT AT UNITED HEALTHCARE SHARED SERVICESGEHA
ekahimba,6,260521905,04/21/2025,04/06/2025,04/07/2025,PENDING PAYMENT AT UNITED HEALTHCARE SHARED SERVICESGEHA
ekahimba,2,260522167,04/14/2025,04/04/2025,04/07/2025,PENDING PAYMENT AT ANTHEM BLUE CROSS CALIFORNIA
ekahimba,3,260522208,04/23/2025,04/05/2025,04/07/2025,PENDING PAYMENT AT ANTHEM BLUE CROSS CALIFORNIA
ekahimba,2,260522285,04/14/2025,04/06/2025,04/07/2025,PENDING PAYMENT AT ANTHEM BLUE CROSS CALIFORNIA
ekahimba,2,260522375,04/18/2025,04/04/2025,04/07/2025,UNDERPAID AT OON ANTHEM BLUE CROSS CALIFORNIA
ekahimba,2,260522443,04/18/2025,04/05/2025,04/07/2025,UNDERPAID AT OON ANTHEM BLUE CROSS CALIFORNIA
ekahimba,4,260522502,04/18/2025,04/06/2025,04/07/2025,UNDERPAID AT OON ANTHEM BLUE CROSS CALIFORNIA
ekahimba,14,260522581,04/23/2025,04/04/2025,04/07/2025,PROCESSING AT CIGNA HEALTH PLANS
ekahimba,14,260522622,04/23/2025,04/05/2025,04/07/2025,PROCESSING AT CIGNA HEALTH PLANS
ekahimba,13,260522676,04/23/2025,04/06/2025,04/07/2025,PROCESSING AT CIGNA HEALTH PLANS
ekahimba,10,260611750,04/23/2025,04/07/2025,04/11/2025,PROCESSING AT UNITED HEALTHCARE
ekahimba,6,260611962,04/21/2025,04/07/2025,04/08/2025,PENDING PAYMENT AT UNITED HEALTHCARE SHARED SERVICESGEHA
ekahimba,12,260613240,04/22/2025,04/07/2025,04/08/2025,PROCESSING AT ANTHEM BLUE CROSS CALIFORNIA
ekahimba,15,260613626,04/23/2025,04/07/2025,04/08/2025,PROCESSING AT ANTHEM BLUE CROSS CALIFORNIA
ekahimba,4,260615194,04/22/2025,04/07/2025,04/08/2025,PENDING PAYMENT AT ANTHEM BLUE CROSS CALIFORNIA
ekahimba,6,260615672,04/18/2025,04/07/2025,04/08/2025,UNDERPAID AT OON ANTHEM BLUE CROSS CALIFORNIA
ekahimba,8,260729573,04/23/2025,04/08/2025,04/09/2025,PROCESSING AT UNITED HEALTHCARE
ekahimba,10,260729698,04/22/2025,04/08/2025,04/09/2025,APPROVED TO PAY AT UNITED HEALTHCARE SHARED SERVICESGEHA
ekahimba,6,260729920,04/18/2025,04/08/2025,04/09/2025,UNDERPAID AT OON ANTHEM BLUE CROSS CALIFORNIA
ekahimba,10,260730223,04/22/2025,04/08/2025,04/09/2025,PROCESSING AT ANTHEM BLUE CROSS CALIFORNIA
ekahimba,4,260730454,04/22/2025,04/08/2025,04/09/2025,PENDING PAYMENT AT ANTHEM BLUE CROSS CALIFORNIA
ekahimba,10,260874129,04/22/2025,04/09/2025,04/10/2025,PROCESSING AT ANTHEM BLUE CROSS CALIFORNIA
ekahimba,8,260874614,04/23/2025,04/09/2025,04/10/2025,PROCESSING AT UNITED HEALTHCARE
ekahimba,10,260875275,04/22/2025,04/09/2025,04/10/2025,APPROVED TO PAY AT UNITED HEALTHCARE SHARED SERVICESGEHA
ekahimba,4,260875882,04/22/2025,04/09/2025,04/10/2025,PENDING PAYMENT AT ANTHEM BLUE CROSS CALIFORNIA
ekahimba,6,260876099,04/18/2025,04/09/2025,04/10/2025,UNDERPAID AT OON ANTHEM BLUE CROSS CALIFORNIA
ekahimba,10,260972697,04/22/2025,04/10/2025,04/11/2025,PROCESSING AT ANTHEM BLUE CROSS CALIFORNIA
ekahimba,6,260972831,04/23/2025,04/10/2025,04/11/2025,PROCESSING AT UNITED HEALTHCARE
ekahimba,6,260972986,04/22/2025,04/10/2025,04/16/2025,PROCESSING AT UNITED HEALTHCARE SHARED SERVICESGEHA
ekahimba,4,260973104,04/22/2025,04/10/2025,04/11/2025,PENDING PAYMENT AT ANTHEM BLUE CROSS CALIFORNIA
ekahimba,6,260973791,04/18/2025,04/10/2025,04/11/2025,APPROVED TO PAY AT ANTHEM BLUE CROSS CALIFORNIA
ekahimba,8,261120351,04/22/2025,04/11/2025,04/14/2025,PROCESSING AT ANTHEM BLUE CROSS CALIFORNIA
ekahimba,8,261120413,04/22/2025,04/12/2025,04/14/2025,PROCESSING AT ANTHEM BLUE CROSS CALIFORNIA
ekahimba,8,261120478,04/22/2025,04/13/2025,04/14/2025,PROCESSING AT ANTHEM BLUE CROSS CALIFORNIA
ekahimba,4,261120732,04/21/2025,04/11/2025,04/14/2025,PROCESSING AT UNITED HEALTHCARE
ekahimba,4,261120776,04/21/2025,04/12/2025,04/14/2025,PROCESSING AT UNITED HEALTHCARE
ekahimba,4,261120839,04/21/2025,04/13/2025,04/14/2025,PROCESSING AT UNITED HEALTHCARE
ekahimba,6,261121039,04/22/2025,04/11/2025,04/16/2025,PROCESSING AT UNITED HEALTHCARE SHARED SERVICESGEHA
ekahimba,6,261121066,04/22/2025,04/12/2025,04/16/2025,PROCESSING AT UNITED HEALTHCARE SHARED SERVICESGEHA
ekahimba,6,261121106,04/22/2025,04/13/2025,04/16/2025,PROCESSING AT UNITED HEALTHCARE SHARED SERVICESGEHA
ekahimba,4,261121424,04/22/2025,04/11/2025,04/14/2025,PENDING PAYMENT AT ANTHEM BLUE CROSS CALIFORNIA
ekahimba,4,261124640,04/22/2025,04/12/2025,04/14/2025,PENDING PAYMENT AT ANTHEM BLUE CROSS CALIFORNIA
ekahimba,4,261124664,04/22/2025,04/13/2025,04/14/2025,PENDING PAYMENT AT ANTHEM BLUE CROSS CALIFORNIA
ekahimba,4,261125114,04/18/2025,04/11/2025,04/14/2025,APPROVED TO PAY AT ANTHEM BLUE CROSS CALIFORNIA
ekahimba,4,261125148,04/18/2025,04/12/2025,04/14/2025,APPROVED TO PAY AT ANTHEM BLUE CROSS CALIFORNIA
ekahimba,4,261125177,04/18/2025,04/13/2025,04/14/2025,APPROVED TO PAY AT ANTHEM BLUE CROSS CALIFORNIA
ekahimba,6,261202267,04/22/2025,04/14/2025,04/15/2025,PROCESSING AT ANTHEM BLUE CROSS CALIFORNIA
ekahimba,4,261202416,04/21/2025,04/14/2025,04/15/2025,PROCESSING AT UNITED HEALTHCARE
ekahimba,6,261203194,04/22/2025,04/14/2025,04/16/2025,PROCESSING AT UNITED HEALTHCARE SHARED SERVICESGEHA
ekahimba,6,261203420,04/22/2025,04/14/2025,04/15/2025,APPROVED TO PAY AT ANTHEM BLUE CROSS CALIFORNIA
ekahimba,6,261204219,04/18/2025,04/14/2025,04/15/2025,APPROVED TO PAY AT ANTHEM BLUE CROSS CALIFORNIA
ekahimba,6,261314300,04/22/2025,04/15/2025,04/16/2025,PROCESSING AT UNITED HEALTHCARE SHARED SERVICESGEHA
ekahimba,4,261314866,04/22/2025,04/15/2025,04/16/2025,PROCESSING AT ANTHEM BLUE CROSS CALIFORNIA
ekahimba,4,261314998,04/22/2025,04/15/2025,04/16/2025,PROCESSING AT UNITED HEALTHCARE
ekahimba,4,261315327,04/22/2025,04/15/2025,04/16/2025,APPROVED TO PAY AT ANTHEM BLUE CROSS CALIFORNIA
ekahimba,4,261315665,04/18/2025,04/15/2025,04/16/2025,APPROVED TO PAY AT ANTHEM BLUE CROSS CALIFORNIA
ekahimba,2,261449590,04/18/2025,04/16/2025,04/17/2025,PROCESSING AT ANTHEM BLUE CROSS CALIFORNIA
ekahimba,2,261449688,04/22/2025,04/16/2025,04/17/2025,APPROVED TO PAY AT ANTHEM BLUE CROSS CALIFORNIA
ekahimba,4,261449775,04/22/2025,04/16/2025,04/17/2025,PROCESSING AT UNITED HEALTHCARE SHARED SERVICESGEHA
ekahimba,2,261449982,04/22/2025,04/16/2025,04/17/2025,PROCESSING AT UNITED HEALTHCARE
ekahimba,2,261450416,04/22/2025,04/16/2025,04/17/2025,PROCESSING AT ANTHEM BLUE CROSS CALIFORNIA
ekahimba,2,261529786,04/22/2025,04/17/2025,04/18/2025,PROCESSING AT ANTHEM BLUE CROSS CALIFORNIA
ekahimba,2,261529935,04/22/2025,04/17/2025,04/18/2025,PROCESSING AT UNITED HEALTHCARE
ekahimba,2,261530543,04/22/2025,04/17/2025,04/18/2025,APPROVED TO PAY AT ANTHEM BLUE CROSS CALIFORNIA
ekahimba,4,261679399,04/23/2025,04/18/2025,04/21/2025,PROCESSING AT ANTHEM BLUE CROSS CALIFORNIA
ekahimba,4,261679456,04/23/2025,04/19/2025,04/21/2025,PROCESSING AT ANTHEM BLUE CROSS CALIFORNIA
ekahimba,4,261679499,04/23/2025,04/20/2025,04/21/2025,PROCESSING AT ANTHEM BLUE CROSS CALIFORNIA
ekahimba,4,261680228,04/23/2025,04/18/2025,04/21/2025,APPROVED TO PAY AT ANTHEM BLUE CROSS CALIFORNIA
ekahimba,4,261680274,04/23/2025,04/19/2025,04/21/2025,PROCESSING AT ANTHEM BLUE CROSS CALIFORNIA
ekahimba,4,261680312,04/23/2025,04/20/2025,04/21/2025,APPROVED TO PAY AT ANTHEM BLUE CROSS CALIFORNIA
ekahimba,2,261786242,04/23/2025,04/21/2025,04/22/2025,CLAIM AT ANTHEM BLUE CROSS CALIFORNIA 
ekahimba,2,261786587,04/23/2025,04/21/2025,04/22/2025,CLAIM AT ANTHEM BLUE CROSS CALIFORNIA 
jopio.revelooprcm,10,257698802,04/03/2025,03/03/2025,03/05/2025,PENDING PAYMENT AT UNITED HEALTHCARE
jopio.revelooprcm,2,257699328,03/21/2025,03/03/2025,03/19/2025,BALANCE DUE PATIENT
jopio.revelooprcm,3,257699627,03/14/2025,03/03/2025,03/06/2025,PAID
jopio.revelooprcm,8,257814304,04/03/2025,03/04/2025,03/06/2025,PENDING PAYMENT AT UNITED HEALTHCARE
jopio.revelooprcm,2,257814449,03/10/2025,03/04/2025,03/07/2025,PENDING PAYMENT AT ANTHEM BLUE CROSS CALIFORNIA
jopio.revelooprcm,2,257814516,03/21/2025,03/04/2025,03/19/2025,BALANCE DUE PATIENT
jopio.revelooprcm,2,257814629,03/14/2025,03/04/2025,03/06/2025,PAID
jopio.revelooprcm,2,257918914,03/10/2025,03/05/2025,03/07/2025,PAID
jopio.revelooprcm,9,257918997,04/03/2025,03/05/2025,03/07/2025,PENDING PAYMENT AT UNITED HEALTHCARE
jopio.revelooprcm,2,257919217,03/21/2025,03/05/2025,03/19/2025,BALANCE DUE PATIENT
jopio.revelooprcm,4,258000512,04/03/2025,03/06/2025,03/07/2025,PENDING PAYMENT AT UNITED HEALTHCARE
jopio.revelooprcm,2,258001273,03/21/2025,03/06/2025,03/19/2025,BALANCE DUE PATIENT
jopio.revelooprcm,4,258157988,03/27/2025,03/08/2025,03/12/2025,PENDING PAYMENT AT ANTHEM BLUE CROSS CALIFORNIA
jopio.revelooprcm,8,258158007,04/04/2025,03/09/2025,03/12/2025,PENDING PAYMENT AT ANTHEM BLUE CROSS CALIFORNIA
jopio.revelooprcm,8,258158444,03/26/2025,03/08/2025,03/12/2025,PENDING PAYMENT AT UNITED HEALTHCARE
jopio.revelooprcm,8,258158470,03/26/2025,03/09/2025,03/12/2025,PENDING PAYMENT AT UNITED HEALTHCARE
jopio.revelooprcm,4,258158751,03/28/2025,03/07/2025,03/11/2025,REPRICING OF CLAIM IN PROCESS AT UNITED HEALTHCARE
jopio.revelooprcm,10,258158767,03/26/2025,03/08/2025,03/11/2025,REPRICING OF CLAIM IN PROCESS AT UNITED HEALTHCARE
jopio.revelooprcm,10,258158816,03/26/2025,03/09/2025,03/11/2025,REPRICING OF CLAIM IN PROCESS AT UNITED HEALTHCARE
jopio.revelooprcm,2,258158928,03/21/2025,03/07/2025,03/19/2025,BALANCE DUE PATIENT
jopio.revelooprcm,2,258158950,03/21/2025,03/08/2025,03/19/2025,BALANCE DUE PATIENT
jopio.revelooprcm,2,258159437,03/13/2025,03/07/2025,03/10/2025,BALANCE DUE PATIENT
jopio.revelooprcm,2,258159466,03/17/2025,03/08/2025,03/10/2025,BALANCE DUE PATIENT
jopio.revelooprcm,2,258159479,03/17/2025,03/09/2025,03/10/2025,BALANCE DUE PATIENT
jopio.revelooprcm,2,258159753,03/17/2025,03/09/2025,03/12/2025,REPRICING PAYMENT PENDING AT CIGNA HEALTH PLANS
jopio.revelooprcm,2,258160357,03/11/2025,03/08/2025,03/10/2025,REPRICING APPEAL SENT TO ANTHEM BLUE CROSS CALIFORNIA
jopio.revelooprcm,4,258160407,03/12/2025,03/09/2025,03/10/2025,REPRICING APPEAL SENT TO ANTHEM BLUE CROSS CALIFORNIA
jopio.revelooprcm,6,258160496,04/03/2025,03/07/2025,03/13/2025,PENDING PAYMENT AT UNITED HEALTHCARE
jopio.revelooprcm,8,258160505,04/03/2025,03/08/2025,03/10/2025,PENDING PAYMENT AT UNITED HEALTHCARE
jopio.revelooprcm,10,258160513,04/03/2025,03/09/2025,03/10/2025,PENDING PAYMENT AT UNITED HEALTHCARE
jopio.revelooprcm,2,258283945,03/17/2025,03/10/2025,03/11/2025,BALANCE DUE PATIENT
jopio.revelooprcm,8,258284150,03/26/2025,03/10/2025,03/11/2025,REPRICING OF CLAIM IN PROCESS AT UNITED HEALTHCARE
jopio.revelooprcm,8,258284245,04/04/2025,03/10/2025,03/12/2025,PENDING PAYMENT AT ANTHEM BLUE CROSS CALIFORNIA
jopio.revelooprcm,8,258284320,03/26/2025,03/10/2025,03/12/2025,PENDING PAYMENT AT UNITED HEALTHCARE
jopio.revelooprcm,2,258284469,03/17/2025,03/10/2025,03/12/2025,REPRICING PAYMENT PENDING AT CIGNA HEALTH PLANS
jopio.revelooprcm,8,258284863,04/03/2025,03/10/2025,03/13/2025,PENDING PAYMENT AT UNITED HEALTHCARE
jopio.revelooprcm,4,258394253,04/08/2025,03/10/2025,03/19/2025,APPROVED TO PAY AT UPMC HEALTH PLAN COMMERCIAL
jopio.revelooprcm,8,258398443,04/04/2025,03/11/2025,03/12/2025,PENDING PAYMENT AT ANTHEM BLUE CROSS CALIFORNIA
jopio.revelooprcm,6,258398501,03/26/2025,03/11/2025,03/12/2025,PENDING PAYMENT AT UNITED HEALTHCARE
jopio.revelooprcm,10,258398572,03/28/2025,03/11/2025,03/12/2025,REPRICING OF CLAIM IN PROCESS AT UNITED HEALTHCARE
jopio.revelooprcm,4,258398643,04/08/2025,03/11/2025,03/19/2025,APPROVED TO PAY AT UPMC HEALTH PLAN COMMERCIAL
jopio.revelooprcm,6,258399132,04/03/2025,03/11/2025,03/12/2025,PENDING PAYMENT AT UNITED HEALTHCARE
jopio.revelooprcm,8,258489141,04/04/2025,03/12/2025,03/13/2025,PENDING PAYMENT AT ANTHEM BLUE CROSS CALIFORNIA
jopio.revelooprcm,10,258489307,04/02/2025,03/12/2025,03/13/2025,PENDING PAYMENT AT UNITED HEALTHCARE
jopio.revelooprcm,10,258489456,03/28/2025,03/12/2025,03/13/2025,REPRICING OF CLAIM IN PROCESS AT UNITED HEALTHCARE
jopio.revelooprcm,4,258489594,04/08/2025,03/12/2025,03/19/2025,APPROVED TO PAY AT UPMC HEALTH PLAN COMMERCIAL
jopio.revelooprcm,8,258566025,04/04/2025,03/13/2025,03/14/2025,PENDING PAYMENT AT ANTHEM BLUE CROSS CALIFORNIA
jopio.revelooprcm,10,258566148,04/14/2025,03/13/2025,03/14/2025,PENDING PAYMENT AT UNITED HEALTHCARE
jopio.revelooprcm,8,258566316,03/28/2025,03/13/2025,03/14/2025,REPRICING OF CLAIM IN PROCESS AT UNITED HEALTHCARE
jopio.revelooprcm,8,258566466,04/23/2025,03/13/2025,03/19/2025,PROCESSING AT UPMC HEALTH PLAN COMMERCIAL
jopio.revelooprcm,8,258751268,04/04/2025,03/14/2025,03/17/2025,APPROVED TO PAY AT ANTHEM BLUE CROSS CALIFORNIA
jopio.revelooprcm,13,258751379,04/14/2025,03/14/2025,03/17/2025,PENDING PAYMENT AT UNITED HEALTHCARE
jopio.revelooprcm,8,258751498,03/28/2025,03/14/2025,03/17/2025,REPRICING OF CLAIM IN PROCESS AT UNITED HEALTHCARE
jopio.revelooprcm,14,258751587,04/23/2025,03/14/2025,03/19/2025,PROCESSING AT UPMC HEALTH PLAN COMMERCIAL
jopio.revelooprcm,14,258751616,04/23/2025,03/15/2025,03/19/2025,PROCESSING AT UPMC HEALTH PLAN COMMERCIAL
jopio.revelooprcm,14,258751646,04/23/2025,03/16/2025,03/19/2025,PROCESSING AT UPMC HEALTH PLAN COMMERCIAL
jopio.revelooprcm,6,258752363,03/31/2025,03/15/2025,03/18/2025,PENDING PAYMENT AT ANTHEM BLUE CROSS CALIFORNIA
jopio.revelooprcm,8,258752508,04/04/2025,03/16/2025,03/18/2025,APPROVED TO PAY AT ANTHEM BLUE CROSS CALIFORNIA
jopio.revelooprcm,2,258752841,03/18/2025,03/14/2025,03/17/2025,REPRICING APPEAL SENT TO ANTHEM BLUE CROSS CALIFORNIA
jopio.revelooprcm,2,258752858,03/18/2025,03/15/2025,03/17/2025,REPRICING APPEAL SENT TO ANTHEM BLUE CROSS CALIFORNIA
jopio.revelooprcm,2,258752880,03/18/2025,03/16/2025,03/17/2025,REPRICING APPEAL SENT TO ANTHEM BLUE CROSS CALIFORNIA
jopio.revelooprcm,12,258752973,04/14/2025,03/15/2025,03/18/2025,PENDING PAYMENT AT UNITED HEALTHCARE
jopio.revelooprcm,10,258753001,04/02/2025,03/16/2025,03/18/2025,PENDING PAYMENT AT UNITED HEALTHCARE
jopio.revelooprcm,8,258753144,03/28/2025,03/15/2025,03/17/2025,REPRICING OF CLAIM IN PROCESS AT UNITED HEALTHCARE
jopio.revelooprcm,4,258753175,03/24/2025,03/16/2025,03/17/2025,REPRICING OF CLAIM IN PROCESS AT UNITED HEALTHCARE
jopio.revelooprcm,8,258816248,04/04/2025,03/17/2025,03/18/2025,APPROVED TO PAY AT ANTHEM BLUE CROSS CALIFORNIA
jopio.revelooprcm,12,258816511,04/14/2025,03/17/2025,03/18/2025,PENDING PAYMENT AT UNITED HEALTHCARE
jopio.revelooprcm,4,258816607,03/24/2025,03/17/2025,03/18/2025,REPRICING OF CLAIM IN PROCESS AT UNITED HEALTHCARE
jopio.revelooprcm,15,258816713,04/23/2025,03/17/2025,03/19/2025,PROCESSING AT UPMC HEALTH PLAN COMMERCIAL
jopio.revelooprcm,10,258988660,04/16/2025,03/18/2025,03/19/2025,PENDING PAYMENT AT UNITED HEALTHCARE
jopio.revelooprcm,10,258988938,04/04/2025,03/18/2025,03/19/2025,APPROVED TO PAY AT ANTHEM BLUE CROSS CALIFORNIA
jopio.revelooprcm,14,258989736,04/14/2025,03/18/2025,03/19/2025,PENDING PAYMENT AT UNITED HEALTHCARE
jopio.revelooprcm,4,258989979,03/24/2025,03/18/2025,03/19/2025,REPRICING OF CLAIM IN PROCESS AT UNITED HEALTHCARE
jopio.revelooprcm,16,258990133,04/23/2025,03/18/2025,03/19/2025,PROCESSING AT UPMC HEALTH PLAN COMMERCIAL
jopio.revelooprcm,2,258990576,03/20/2025,03/18/2025,03/19/2025,PAID
jopio.revelooprcm,8,259099746,04/04/2025,03/19/2025,03/20/2025,APPROVED TO PAY AT ANTHEM BLUE CROSS CALIFORNIA
jopio.revelooprcm,10,259100120,04/16/2025,03/19/2025,03/20/2025,PENDING PAYMENT AT UNITED HEALTHCARE
jopio.revelooprcm,10,259100587,04/14/2025,03/19/2025,03/20/2025,PENDING PAYMENT AT UNITED HEALTHCARE
jopio.revelooprcm,5,259100895,03/26/2025,03/19/2025,03/20/2025,REPRICING OF CLAIM IN PROCESS AT UNITED HEALTHCARE
jopio.revelooprcm,16,259101032,04/23/2025,03/19/2025,03/20/2025,PROCESSING AT UPMC HEALTH PLAN COMMERCIAL
jopio.revelooprcm,10,259156432,04/16/2025,03/20/2025,03/21/2025,PENDING PAYMENT AT UNITED HEALTHCARE
jopio.revelooprcm,6,259156525,04/04/2025,03/20/2025,03/21/2025,APPROVED TO PAY AT ANTHEM BLUE CROSS CALIFORNIA
jopio.revelooprcm,10,259156782,04/14/2025,03/20/2025,03/21/2025,PENDING PAYMENT AT UNITED HEALTHCARE
jopio.revelooprcm,14,259156897,04/23/2025,03/20/2025,03/21/2025,PROCESSING AT UPMC HEALTH PLAN COMMERCIAL
jopio.revelooprcm,5,259157155,03/26/2025,03/20/2025,03/21/2025,REPRICING OF CLAIM IN PROCESS AT UNITED HEALTHCARE
jopio.revelooprcm,8,259352588,04/16/2025,03/21/2025,03/24/2025,PENDING PAYMENT AT UNITED HEALTHCARE
jopio.revelooprcm,8,259352599,04/16/2025,03/22/2025,03/24/2025,PENDING PAYMENT AT UNITED HEALTHCARE
jopio.revelooprcm,8,259352613,04/16/2025,03/23/2025,03/24/2025,PENDING PAYMENT AT UNITED HEALTHCARE
jopio.revelooprcm,4,259353072,04/11/2025,03/23/2025,03/25/2025,PENDING PAYMENT AT UNITED HEALTHCARE SHARED SERVICESGEHA
jopio.revelooprcm,6,259353217,04/04/2025,03/22/2025,03/24/2025,PENDING PAYMENT AT ANTHEM BLUE CROSS CALIFORNIA
jopio.revelooprcm,6,259353232,04/04/2025,03/23/2025,03/24/2025,PENDING PAYMENT AT ANTHEM BLUE CROSS CALIFORNIA
jopio.revelooprcm,6,259353393,04/04/2025,03/21/2025,03/24/2025,APPROVED TO PAY AT ANTHEM BLUE CROSS CALIFORNIA
jopio.revelooprcm,6,259353400,04/04/2025,03/22/2025,03/24/2025,APPROVED TO PAY AT ANTHEM BLUE CROSS CALIFORNIA
jopio.revelooprcm,6,259353421,04/04/2025,03/23/2025,03/24/2025,APPROVED TO PAY AT ANTHEM BLUE CROSS CALIFORNIA
jopio.revelooprcm,8,259353525,04/14/2025,03/21/2025,03/24/2025,PENDING PAYMENT AT UNITED HEALTHCARE
jopio.revelooprcm,8,259353543,04/14/2025,03/22/2025,03/24/2025,PENDING PAYMENT AT UNITED HEALTHCARE
jopio.revelooprcm,8,259353550,04/14/2025,03/23/2025,03/24/2025,PENDING PAYMENT AT UNITED HEALTHCARE
jopio.revelooprcm,16,259353608,04/23/2025,03/21/2025,03/24/2025,PROCESSING AT UPMC HEALTH PLAN COMMERCIAL
jopio.revelooprcm,16,259353614,04/23/2025,03/22/2025,03/24/2025,PROCESSING AT UPMC HEALTH PLAN COMMERCIAL
jopio.revelooprcm,16,259353621,04/23/2025,03/23/2025,03/24/2025,PROCESSING AT UPMC HEALTH PLAN COMMERCIAL
jopio.revelooprcm,2,259353813,03/28/2025,03/21/2025,03/24/2025,REPRICING OF CLAIM IN PROCESS AT UNITED HEALTHCARE
jopio.revelooprcm,2,259353825,03/28/2025,03/22/2025,03/24/2025,REPRICING OF CLAIM IN PROCESS AT UNITED HEALTHCARE
jopio.revelooprcm,2,259353831,03/28/2025,03/23/2025,03/24/2025,REPRICING OF CLAIM IN PROCESS AT UNITED HEALTHCARE
jopio.revelooprcm,4,259414384,04/11/2025,03/24/2025,03/25/2025,PENDING PAYMENT AT UNITED HEALTHCARE SHARED SERVICESGEHA
jopio.revelooprcm,10,259414725,04/16/2025,03/24/2025,03/25/2025,APPROVED TO PAY AT UNITED HEALTHCARE
jopio.revelooprcm,6,259415147,04/04/2025,03/24/2025,03/25/2025,PENDING PAYMENT AT ANTHEM BLUE CROSS CALIFORNIA
jopio.revelooprcm,4,259417980,04/04/2025,03/24/2025,03/26/2025,REPRICING APPEAL SENT TO ANTHEM BLUE CROSS CALIFORNIA
jopio.revelooprcm,6,259418557,04/02/2025,03/24/2025,03/25/2025,PENDING PAYMENT AT UNITED HEALTHCARE
jopio.revelooprcm,12,259418833,04/23/2025,03/24/2025,03/25/2025,PROCESSING AT UPMC HEALTH PLAN COMMERCIAL
jopio.revelooprcm,6,259461828,04/04/2025,03/24/2025,03/25/2025,APPROVED TO PAY AT ANTHEM BLUE CROSS CALIFORNIA
jopio.revelooprcm,8,259537743,04/18/2025,03/24/2025,03/26/2025,PENDING PAYMENT AT UNITED HEALTHCARE
jopio.revelooprcm,8,259537856,04/18/2025,03/25/2025,03/26/2025,PENDING PAYMENT AT UNITED HEALTHCARE
jopio.revelooprcm,8,259538769,04/16/2025,03/25/2025,03/26/2025,APPROVED TO PAY AT UNITED HEALTHCARE
jopio.revelooprcm,4,259539920,04/11/2025,03/25/2025,03/26/2025,PENDING PAYMENT AT UNITED HEALTHCARE SHARED SERVICESGEHA
jopio.revelooprcm,6,259540496,04/04/2025,03/25/2025,03/26/2025,PENDING PAYMENT AT ANTHEM BLUE CROSS CALIFORNIA
jopio.revelooprcm,4,259544684,04/04/2025,03/25/2025,03/26/2025,REPRICING APPEAL SENT TO ANTHEM BLUE CROSS CALIFORNIA
jopio.revelooprcm,6,259545315,04/04/2025,03/25/2025,03/26/2025,APPROVED TO PAY AT ANTHEM BLUE CROSS CALIFORNIA
jopio.revelooprcm,6,259545924,04/14/2025,03/25/2025,03/26/2025,PENDING PAYMENT AT UNITED HEALTHCARE
jopio.revelooprcm,14,259546825,04/23/2025,03/25/2025,03/26/2025,PROCESSING AT UPMC HEALTH PLAN COMMERCIAL
jopio.revelooprcm,10,259646717,04/15/2025,03/26/2025,03/31/2025,PROCESSING AT UNITED MEDICAL RESOURCES
jopio.revelooprcm,8,259647658,04/18/2025,03/26/2025,03/27/2025,PENDING PAYMENT AT UNITED HEALTHCARE
jopio.revelooprcm,8,259647913,04/16/2025,03/26/2025,03/27/2025,APPROVED TO PAY AT UNITED HEALTHCARE
jopio.revelooprcm,4,259648195,04/11/2025,03/26/2025,03/27/2025,PENDING PAYMENT AT UNITED HEALTHCARE SHARED SERVICESGEHA
jopio.revelooprcm,2,259648741,04/09/2025,03/26/2025,03/27/2025,PENDING PAYMENT AT CIGNA HEALTH PLANS
jopio.revelooprcm,6,259649078,04/04/2025,03/26/2025,03/27/2025,PENDING PAYMENT AT ANTHEM BLUE CROSS CALIFORNIA
jopio.revelooprcm,6,259649272,04/07/2025,03/26/2025,03/27/2025,UNDERPAID AT OON ANTHEM BLUE CROSS CALIFORNIA
jopio.revelooprcm,6,259649625,04/04/2025,03/26/2025,03/27/2025,APPROVED TO PAY AT ANTHEM BLUE CROSS CALIFORNIA
jopio.revelooprcm,4,259649922,04/14/2025,03/26/2025,03/28/2025,APPROVED TO PAY AT UNITED HEALTHCARE
jopio.revelooprcm,14,259652490,04/23/2025,03/26/2025,03/27/2025,PROCESSING AT UPMC HEALTH PLAN COMMERCIAL
jopio.revelooprcm,10,259768854,04/15/2025,03/27/2025,03/31/2025,PROCESSING AT UNITED MEDICAL RESOURCES
jopio.revelooprcm,8,259768982,04/18/2025,03/27/2025,03/28/2025,PENDING PAYMENT AT UNITED HEALTHCARE
jopio.revelooprcm,6,259769319,04/07/2025,03/27/2025,03/31/2025,APPROVED TO PAY AT ANTHEM BLUE CROSS CALIFORNIA
jopio.revelooprcm,6,259769915,04/16/2025,03/27/2025,03/28/2025,APPROVED TO PAY AT UNITED HEALTHCARE
jopio.revelooprcm,4,259770045,04/11/2025,03/27/2025,03/28/2025,PENDING PAYMENT AT UNITED HEALTHCARE SHARED SERVICESGEHA
jopio.revelooprcm,6,259770148,04/04/2025,03/27/2025,03/28/2025,PENDING PAYMENT AT ANTHEM BLUE CROSS CALIFORNIA
jopio.revelooprcm,6,259770240,04/07/2025,03/27/2025,03/28/2025,UNDERPAID AT OON ANTHEM BLUE CROSS CALIFORNIA
jopio.revelooprcm,4,259770347,04/04/2025,03/27/2025,03/28/2025,PENDING PAYMENT AT ANTHEM BLUE CROSS CALIFORNIA
jopio.revelooprcm,4,259770496,04/14/2025,03/27/2025,03/28/2025,APPROVED TO PAY AT UNITED HEALTHCARE
jopio.revelooprcm,12,259770581,04/23/2025,03/27/2025,03/28/2025,PROCESSING AT UPMC HEALTH PLAN COMMERCIAL
jopio.revelooprcm,5,259890933,04/16/2025,03/28/2025,03/31/2025,PROCESSING AT UNITED HEALTHCARE
jopio.revelooprcm,6,259891136,04/16/2025,03/29/2025,03/31/2025,APPROVED TO PAY AT UNITED HEALTHCARE
jopio.revelooprcm,6,259891450,04/16/2025,03/30/2025,03/31/2025,APPROVED TO PAY AT UNITED HEALTHCARE
jopio.revelooprcm,8,259897962,04/07/2025,03/28/2025,03/31/2025,APPROVED TO PAY AT ANTHEM BLUE CROSS CALIFORNIA
jopio.revelooprcm,10,259898127,04/08/2025,03/29/2025,03/31/2025,PENDING PAYMENT AT ANTHEM BLUE CROSS CALIFORNIA
jopio.revelooprcm,8,259898222,04/07/2025,03/30/2025,03/31/2025,PENDING PAYMENT AT ANTHEM BLUE CROSS CALIFORNIA
jopio.revelooprcm,10,259905921,04/15/2025,03/28/2025,03/31/2025,PROCESSING AT UNITED MEDICAL RESOURCES
jopio.revelooprcm,10,259906066,04/15/2025,03/29/2025,03/31/2025,PROCESSING AT UNITED MEDICAL RESOURCES
jopio.revelooprcm,10,259906407,04/15/2025,03/30/2025,03/31/2025,PROCESSING AT UNITED MEDICAL RESOURCES
jopio.revelooprcm,10,259907169,04/22/2025,03/28/2025,03/31/2025,PENDING PAYMENT AT UNITED HEALTHCARE
jopio.revelooprcm,9,259907258,04/22/2025,03/29/2025,04/09/2025,PENDING PAYMENT AT UNITED HEALTHCARE
jopio.revelooprcm,9,259907325,04/22/2025,03/30/2025,04/09/2025,PENDING PAYMENT AT UNITED HEALTHCARE
jopio.revelooprcm,6,259907668,04/07/2025,03/28/2025,03/31/2025,APPROVED TO PAY AT ANTHEM BLUE CROSS CALIFORNIA
jopio.revelooprcm,6,259907760,04/07/2025,03/29/2025,03/31/2025,APPROVED TO PAY AT ANTHEM BLUE CROSS CALIFORNIA
jopio.revelooprcm,6,259907833,04/07/2025,03/30/2025,03/31/2025,APPROVED TO PAY AT ANTHEM BLUE CROSS CALIFORNIA
jopio.revelooprcm,6,259908339,04/04/2025,03/28/2025,03/31/2025,APPROVED TO PAY AT ANTHEM BLUE CROSS CALIFORNIA
jopio.revelooprcm,6,259908588,04/04/2025,03/29/2025,03/31/2025,APPROVED TO PAY AT ANTHEM BLUE CROSS CALIFORNIA
jopio.revelooprcm,6,259908756,04/04/2025,03/30/2025,03/31/2025,APPROVED TO PAY AT ANTHEM BLUE CROSS CALIFORNIA
jopio.revelooprcm,6,259909107,04/14/2025,03/28/2025,03/31/2025,APPROVED TO PAY AT UNITED HEALTHCARE
jopio.revelooprcm,4,259909205,04/14/2025,03/29/2025,03/31/2025,APPROVED TO PAY AT UNITED HEALTHCARE
jopio.revelooprcm,4,259909580,04/14/2025,03/30/2025,03/31/2025,BALANCE DUE PATIENT
jopio.revelooprcm,4,259909848,04/11/2025,03/28/2025,03/31/2025,PENDING PAYMENT AT UNITED HEALTHCARE SHARED SERVICESGEHA
jopio.revelooprcm,4,259909940,04/11/2025,03/29/2025,03/31/2025,PENDING PAYMENT AT UNITED HEALTHCARE SHARED SERVICESGEHA
jopio.revelooprcm,2,259909995,04/11/2025,03/30/2025,03/31/2025,PENDING PAYMENT AT UNITED HEALTHCARE SHARED SERVICESGEHA
jopio.revelooprcm,10,259910312,04/23/2025,03/28/2025,03/31/2025,PROCESSING AT UPMC HEALTH PLAN COMMERCIAL
jopio.revelooprcm,10,259910523,04/23/2025,03/29/2025,03/31/2025,PROCESSING AT UPMC HEALTH PLAN COMMERCIAL
jopio.revelooprcm,10,259910575,04/23/2025,03/30/2025,03/31/2025,PROCESSING AT UPMC HEALTH PLAN COMMERCIAL
jopio.revelooprcm,8,259910804,04/07/2025,03/28/2025,03/31/2025,UNDERPAID AT OON ANTHEM BLUE CROSS CALIFORNIA
jopio.revelooprcm,8,259910869,04/07/2025,03/29/2025,03/31/2025,UNDERPAID AT OON ANTHEM BLUE CROSS CALIFORNIA
jopio.revelooprcm,8,259910948,04/07/2025,03/30/2025,03/31/2025,UNDERPAID AT OON ANTHEM BLUE CROSS CALIFORNIA
jopio.revelooprcm,6,259912841,04/17/2025,03/28/2025,03/31/2025,APPROVED TO PAY AT ANTHEM BLUE CROSS CALIFORNIA
jopio.revelooprcm,8,259912895,04/21/2025,03/29/2025,03/31/2025,APPROVED TO PAY AT ANTHEM BLUE CROSS CALIFORNIA
jopio.revelooprcm,6,259913023,04/17/2025,03/30/2025,03/31/2025,APPROVED TO PAY AT ANTHEM BLUE CROSS CALIFORNIA
jopio.revelooprcm,8,259926693,04/15/2025,03/31/2025,03/31/2025,PROCESSING AT UNITED MEDICAL RESOURCES
jopio.revelooprcm,9,259926730,04/22/2025,03/31/2025,03/31/2025,PENDING PAYMENT AT UNITED HEALTHCARE
jopio.revelooprcm,6,259926757,04/07/2025,03/31/2025,03/31/2025,APPROVED TO PAY AT ANTHEM BLUE CROSS CALIFORNIA
jopio.revelooprcm,8,259926811,04/21/2025,03/31/2025,03/31/2025,APPROVED TO PAY AT ANTHEM BLUE CROSS CALIFORNIA
jopio.revelooprcm,6,259926866,04/04/2025,03/31/2025,03/31/2025,APPROVED TO PAY AT ANTHEM BLUE CROSS CALIFORNIA
jopio.revelooprcm,4,259926924,04/14/2025,03/31/2025,03/31/2025,APPROVED TO PAY AT UNITED HEALTHCARE
jopio.revelooprcm,4,259926982,04/14/2025,03/31/2025,03/31/2025,APPROVED TO PAY AT UNITED HEALTHCARE
jopio.revelooprcm,2,259927061,04/11/2025,03/31/2025,03/31/2025,PENDING PAYMENT AT UNITED HEALTHCARE SHARED SERVICESGEHA
jopio.revelooprcm,10,259927091,04/23/2025,03/31/2025,03/31/2025,PROCESSING AT UPMC HEALTH PLAN COMMERCIAL
jopio.revelooprcm,8,259927129,04/07/2025,03/31/2025,03/31/2025,PENDING PAYMENT AT ANTHEM BLUE CROSS CALIFORNIA
jopio.revelooprcm,8,259927156,04/07/2025,03/31/2025,03/31/2025,UNDERPAID AT OON ANTHEM BLUE CROSS CALIFORNIA
jopio.revelooprcm,6,260110111,04/11/2025,04/01/2025,04/02/2025,UNDERPAID AT OON ANTHEM BLUE CROSS CALIFORNIA
jopio.revelooprcm,6,260110479,04/15/2025,04/01/2025,04/02/2025,PROCESSING AT UNITED MEDICAL RESOURCES
jopio.revelooprcm,10,260110739,04/22/2025,04/01/2025,04/02/2025,PROCESSING AT UNITED HEALTHCARE
jopio.revelooprcm,4,260111030,04/07/2025,04/01/2025,04/02/2025,PROCESSING AT ANTHEM BLUE CROSS CALIFORNIA
jopio.revelooprcm,6,260111247,04/17/2025,04/01/2025,04/02/2025,APPROVED TO PAY AT ANTHEM BLUE CROSS CALIFORNIA
jopio.revelooprcm,2,260111495,04/04/2025,04/01/2025,04/02/2025,PROCESSING AT ANTHEM BLUE CROSS CALIFORNIA
jopio.revelooprcm,8,260111778,04/16/2025,04/01/2025,04/02/2025,APPROVED TO PAY AT UNITED HEALTHCARE
jopio.revelooprcm,2,260112233,04/14/2025,04/01/2025,04/02/2025,APPROVED TO PAY AT UNITED HEALTHCARE
jopio.revelooprcm,2,260112489,04/11/2025,04/01/2025,04/02/2025,PENDING PAYMENT AT UNITED HEALTHCARE SHARED SERVICESGEHA
jopio.revelooprcm,10,260112721,04/23/2025,04/01/2025,04/02/2025,PROCESSING AT UPMC HEALTH PLAN COMMERCIAL
jopio.revelooprcm,4,260113022,04/07/2025,04/01/2025,04/02/2025,PENDING PAYMENT AT ANTHEM BLUE CROSS CALIFORNIA
jopio.revelooprcm,2,260113624,04/03/2025,04/01/2025,04/02/2025,PENDING PAYMENT AT CIGNA HEALTH PLANS
jopio.revelooprcm,3,260215244,04/15/2025,04/02/2025,04/03/2025,PROCESSING AT UNITED MEDICAL RESOURCES
jopio.revelooprcm,2,260215432,04/07/2025,04/02/2025,04/03/2025,PROCESSING AT ANTHEM BLUE CROSS CALIFORNIA
jopio.revelooprcm,8,260215623,04/21/2025,04/02/2025,04/03/2025,APPROVED TO PAY AT ANTHEM BLUE CROSS CALIFORNIA
jopio.revelooprcm,6,260217829,04/16/2025,04/02/2025,04/03/2025,APPROVED TO PAY AT UNITED HEALTHCARE
jopio.revelooprcm,2,260218049,04/11/2025,04/02/2025,04/03/2025,PENDING PAYMENT AT UNITED HEALTHCARE SHARED SERVICESGEHA
jopio.revelooprcm,10,260218282,04/23/2025,04/02/2025,04/03/2025,CLAIM AT UPMC HEALTH PLAN COMMERCIAL 
jopio.revelooprcm,2,260218444,04/07/2025,04/02/2025,04/03/2025,PENDING PAYMENT AT ANTHEM BLUE CROSS CALIFORNIA
jopio.revelooprcm,4,260218559,04/11/2025,04/02/2025,04/03/2025,UNDERPAID AT OON ANTHEM BLUE CROSS CALIFORNIA
jopio.revelooprcm,8,260327046,04/21/2025,04/03/2025,04/04/2025,APPROVED TO PAY AT ANTHEM BLUE CROSS CALIFORNIA
jopio.revelooprcm,6,260327528,04/15/2025,04/03/2025,04/07/2025,PROCESSING AT UNITED MEDICAL RESOURCES
jopio.revelooprcm,2,260327681,04/07/2025,04/03/2025,04/04/2025,PROCESSING AT ANTHEM BLUE CROSS CALIFORNIA
jopio.revelooprcm,6,260327957,04/16/2025,04/03/2025,04/04/2025,PROCESSING AT UNITED HEALTHCARE
jopio.revelooprcm,2,260328249,04/11/2025,04/03/2025,04/04/2025,PENDING PAYMENT AT UNITED HEALTHCARE SHARED SERVICESGEHA
jopio.revelooprcm,10,260328406,04/23/2025,04/03/2025,04/04/2025,CLAIM AT UPMC HEALTH PLAN COMMERCIAL 
jopio.revelooprcm,2,260328543,04/07/2025,04/03/2025,04/04/2025,PENDING PAYMENT AT ANTHEM BLUE CROSS CALIFORNIA
jopio.revelooprcm,2,260328649,04/11/2025,04/03/2025,04/04/2025,UNDERPAID AT OON ANTHEM BLUE CROSS CALIFORNIA
jopio.revelooprcm,6,260516945,04/18/2025,04/05/2025,04/09/2025,MEDICAL RECORDS SENT TO ANTHEM BLUE CROSS CALIFORNIA
jopio.revelooprcm,6,260517024,04/18/2025,04/06/2025,04/09/2025,MEDICAL RECORDS SENT TO ANTHEM BLUE CROSS CALIFORNIA
jopio.revelooprcm,10,260518562,04/21/2025,04/04/2025,04/07/2025,PENDING PAYMENT AT CIGNA HEALTH PLANS
jopio.revelooprcm,10,260518703,04/21/2025,04/05/2025,04/07/2025,PENDING PAYMENT AT CIGNA HEALTH PLANS
jopio.revelooprcm,10,260518856,04/21/2025,04/06/2025,04/07/2025,PENDING PAYMENT AT CIGNA HEALTH PLANS
jopio.revelooprcm,6,260519554,04/15/2025,04/04/2025,04/07/2025,PROCESSING AT UNITED MEDICAL RESOURCES
jopio.revelooprcm,6,260519657,04/15/2025,04/05/2025,04/07/2025,PROCESSING AT UNITED MEDICAL RESOURCES
jopio.revelooprcm,5,260519789,04/15/2025,04/06/2025,04/07/2025,PROCESSING AT UNITED MEDICAL RESOURCES
jopio.revelooprcm,4,260519957,04/09/2025,04/04/2025,04/07/2025,PROCESSING AT ANTHEM BLUE CROSS CALIFORNIA
jopio.revelooprcm,2,260520052,04/09/2025,04/05/2025,04/07/2025,PROCESSING AT ANTHEM BLUE CROSS CALIFORNIA
jopio.revelooprcm,2,260520181,04/09/2025,04/06/2025,04/07/2025,PROCESSING AT ANTHEM BLUE CROSS CALIFORNIA
jopio.revelooprcm,4,260520727,04/16/2025,04/04/2025,04/07/2025,PROCESSING AT UNITED HEALTHCARE
jopio.revelooprcm,4,260520779,04/16/2025,04/05/2025,04/07/2025,PROCESSING AT UNITED HEALTHCARE
jopio.revelooprcm,4,260520842,04/16/2025,04/06/2025,04/07/2025,PROCESSING AT UNITED HEALTHCARE
jopio.revelooprcm,10,260520983,04/23/2025,04/04/2025,04/07/2025,APPROVED TO PAY AT ANTHEM BLUE CROSS CALIFORNIA
jopio.revelooprcm,10,260521101,04/23/2025,04/05/2025,04/07/2025,APPROVED TO PAY AT ANTHEM BLUE CROSS CALIFORNIA
jopio.revelooprcm,10,260521196,04/23/2025,04/06/2025,04/07/2025,APPROVED TO PAY AT ANTHEM BLUE CROSS CALIFORNIA
jopio.revelooprcm,4,260521794,04/11/2025,04/04/2025,04/07/2025,PENDING PAYMENT AT UNITED HEALTHCARE SHARED SERVICESGEHA
jopio.revelooprcm,4,260521867,04/11/2025,04/05/2025,04/07/2025,PENDING PAYMENT AT UNITED HEALTHCARE SHARED SERVICESGEHA
jopio.revelooprcm,4,260521905,04/11/2025,04/06/2025,04/07/2025,PENDING PAYMENT AT UNITED HEALTHCARE SHARED SERVICESGEHA
jopio.revelooprcm,10,260521980,04/23/2025,04/04/2025,04/07/2025,CLAIM AT UPMC HEALTH PLAN COMMERCIAL 
jopio.revelooprcm,10,260522024,04/23/2025,04/05/2025,04/07/2025,CLAIM AT UPMC HEALTH PLAN COMMERCIAL 
jopio.revelooprcm,10,260522072,04/23/2025,04/06/2025,04/07/2025,CLAIM AT UPMC HEALTH PLAN COMMERCIAL 
jopio.revelooprcm,2,260522375,04/11/2025,04/04/2025,04/07/2025,UNDERPAID AT OON ANTHEM BLUE CROSS CALIFORNIA
jopio.revelooprcm,2,260522443,04/11/2025,04/05/2025,04/07/2025,UNDERPAID AT OON ANTHEM BLUE CROSS CALIFORNIA
jopio.revelooprcm,2,260522502,04/11/2025,04/06/2025,04/07/2025,UNDERPAID AT OON ANTHEM BLUE CROSS CALIFORNIA
jopio.revelooprcm,4,260611750,04/16/2025,04/07/2025,04/11/2025,PROCESSING AT UNITED HEALTHCARE
jopio.revelooprcm,2,260611962,04/11/2025,04/07/2025,04/08/2025,PENDING PAYMENT AT UNITED HEALTHCARE SHARED SERVICESGEHA
jopio.revelooprcm,4,260612407,04/16/2025,04/07/2025,04/08/2025,PROCESSING AT UNITED MEDICAL RESOURCES
jopio.revelooprcm,6,260612643,04/18/2025,04/07/2025,04/09/2025,MEDICAL RECORDS SENT TO ANTHEM BLUE CROSS CALIFORNIA
jopio.revelooprcm,2,260613240,04/09/2025,04/07/2025,04/08/2025,PROCESSING AT ANTHEM BLUE CROSS CALIFORNIA
jopio.revelooprcm,11,260614346,04/23/2025,04/07/2025,04/08/2025,APPROVED TO PAY AT ANTHEM BLUE CROSS CALIFORNIA
jopio.revelooprcm,8,260614942,04/23/2025,04/07/2025,04/08/2025,CLAIM AT UPMC HEALTH PLAN COMMERCIAL 
jopio.revelooprcm,8,260615528,04/21/2025,04/07/2025,04/08/2025,PENDING PAYMENT AT CIGNA HEALTH PLANS
jopio.revelooprcm,2,260615672,04/11/2025,04/07/2025,04/08/2025,UNDERPAID AT OON ANTHEM BLUE CROSS CALIFORNIA
jopio.revelooprcm,4,260729417,04/16/2025,04/08/2025,04/09/2025,PROCESSING AT UNITED MEDICAL RESOURCES
jopio.revelooprcm,4,260729573,04/16/2025,04/08/2025,04/09/2025,PROCESSING AT UNITED HEALTHCARE
jopio.revelooprcm,2,260729698,04/11/2025,04/08/2025,04/09/2025,APPROVED TO PAY AT UNITED HEALTHCARE SHARED SERVICESGEHA
jopio.revelooprcm,8,260729803,04/23/2025,04/08/2025,04/09/2025,CLAIM AT UPMC HEALTH PLAN COMMERCIAL 
jopio.revelooprcm,2,260729920,04/11/2025,04/08/2025,04/09/2025,UNDERPAID AT OON ANTHEM BLUE CROSS CALIFORNIA
jopio.revelooprcm,6,260730053,04/18/2025,04/08/2025,04/09/2025,MEDICAL RECORDS SENT TO ANTHEM BLUE CROSS CALIFORNIA
jopio.revelooprcm,10,260730359,04/23/2025,04/08/2025,04/09/2025,PROCESSING AT ANTHEM BLUE CROSS CALIFORNIA
jopio.revelooprcm,8,260730554,04/21/2025,04/08/2025,04/09/2025,PENDING PAYMENT AT CIGNA HEALTH PLANS
jopio.revelooprcm,4,260872862,04/16/2025,04/09/2025,04/10/2025,PROCESSING AT UNITED MEDICAL RESOURCES
jopio.revelooprcm,6,260872939,04/18/2025,04/09/2025,04/10/2025,MEDICAL RECORDS SENT TO ANTHEM BLUE CROSS CALIFORNIA
jopio.revelooprcm,4,260874614,04/16/2025,04/09/2025,04/10/2025,PROCESSING AT UNITED HEALTHCARE
jopio.revelooprcm,9,260874846,04/23/2025,04/09/2025,04/10/2025,PROCESSING AT ANTHEM BLUE CROSS CALIFORNIA
jopio.revelooprcm,2,260875275,04/11/2025,04/09/2025,04/10/2025,APPROVED TO PAY AT UNITED HEALTHCARE SHARED SERVICESGEHA
jopio.revelooprcm,8,260875521,04/23/2025,04/09/2025,04/10/2025,CLAIM AT UPMC HEALTH PLAN COMMERCIAL 
jopio.revelooprcm,6,260875988,04/21/2025,04/09/2025,04/10/2025,PENDING PAYMENT AT CIGNA HEALTH PLANS
jopio.revelooprcm,2,260876099,04/11/2025,04/09/2025,04/10/2025,UNDERPAID AT OON ANTHEM BLUE CROSS CALIFORNIA
jopio.revelooprcm,2,260877668,04/21/2025,04/09/2025,04/16/2025,PROCESSING AT ANTHEM BLUE CROSS CALIFORNIA
jopio.revelooprcm,4,260972486,04/16/2025,04/10/2025,04/11/2025,PROCESSING AT UNITED MEDICAL RESOURCES
jopio.revelooprcm,6,260972613,04/21/2025,04/10/2025,04/11/2025,PROCESSING AT ANTHEM BLUE CROSS CALIFORNIA
jopio.revelooprcm,4,260972831,04/16/2025,04/10/2025,04/11/2025,PROCESSING AT UNITED HEALTHCARE
jopio.revelooprcm,7,260972912,04/23/2025,04/10/2025,04/11/2025,PROCESSING AT ANTHEM BLUE CROSS CALIFORNIA
jopio.revelooprcm,2,260973442,04/21/2025,04/10/2025,04/16/2025,PROCESSING AT ANTHEM BLUE CROSS CALIFORNIA
jopio.revelooprcm,8,260973583,04/21/2025,04/10/2025,04/11/2025,PENDING PAYMENT AT CIGNA HEALTH PLANS
jopio.revelooprcm,2,261119438,04/21/2025,04/11/2025,04/16/2025,PROCESSING AT ANTHEM BLUE CROSS CALIFORNIA
jopio.revelooprcm,2,261119617,04/21/2025,04/12/2025,04/16/2025,PROCESSING AT ANTHEM BLUE CROSS CALIFORNIA
jopio.revelooprcm,2,261119711,04/21/2025,04/13/2025,04/16/2025,PROCESSING AT ANTHEM BLUE CROSS CALIFORNIA
jopio.revelooprcm,8,261119816,04/23/2025,04/11/2025,04/14/2025,PENDING PAYMENT AT CIGNA HEALTH PLANS
jopio.revelooprcm,2,261120027,04/15/2025,04/11/2025,04/14/2025,CLAIM AT UNITED MEDICAL RESOURCES 
jopio.revelooprcm,2,261120121,04/15/2025,04/12/2025,04/14/2025,CLAIM AT UNITED MEDICAL RESOURCES 
jopio.revelooprcm,2,261120149,04/15/2025,04/13/2025,04/14/2025,CLAIM AT UNITED MEDICAL RESOURCES 
jopio.revelooprcm,4,261120223,04/21/2025,04/11/2025,04/14/2025,PROCESSING AT ANTHEM BLUE CROSS CALIFORNIA
jopio.revelooprcm,4,261120256,04/21/2025,04/12/2025,04/14/2025,PROCESSING AT ANTHEM BLUE CROSS CALIFORNIA
jopio.revelooprcm,4,261120277,04/21/2025,04/13/2025,04/14/2025,PROCESSING AT ANTHEM BLUE CROSS CALIFORNIA
jopio.revelooprcm,2,261120732,04/16/2025,04/11/2025,04/14/2025,PROCESSING AT UNITED HEALTHCARE
jopio.revelooprcm,2,261120776,04/16/2025,04/12/2025,04/14/2025,PROCESSING AT UNITED HEALTHCARE
jopio.revelooprcm,2,261120839,04/16/2025,04/13/2025,04/14/2025,PROCESSING AT UNITED HEALTHCARE
jopio.revelooprcm,6,261120905,04/23/2025,04/11/2025,04/14/2025,PROCESSING AT ANTHEM BLUE CROSS CALIFORNIA
jopio.revelooprcm,6,261120940,04/23/2025,04/12/2025,04/14/2025,PROCESSING AT ANTHEM BLUE CROSS CALIFORNIA
jopio.revelooprcm,6,261120967,04/23/2025,04/13/2025,04/14/2025,PROCESSING AT ANTHEM BLUE CROSS CALIFORNIA
jopio.revelooprcm,8,261124852,04/23/2025,04/12/2025,04/14/2025,PENDING PAYMENT AT CIGNA HEALTH PLANS
jopio.revelooprcm,8,261125057,04/23/2025,04/13/2025,04/14/2025,PENDING PAYMENT AT CIGNA HEALTH PLANS
jopio.revelooprcm,2,261200731,04/22/2025,04/14/2025,04/16/2025,PROCESSING AT UNITED HEALTHCARE SHARED SERVICESGEHA
jopio.revelooprcm,4,261202114,04/21/2025,04/14/2025,04/15/2025,PROCESSING AT ANTHEM BLUE CROSS CALIFORNIA
jopio.revelooprcm,6,261202998,04/23/2025,04/14/2025,04/15/2025,PROCESSING AT ANTHEM BLUE CROSS CALIFORNIA
jopio.revelooprcm,2,261203602,04/21/2025,04/14/2025,04/16/2025,PROCESSING AT ANTHEM BLUE CROSS CALIFORNIA
jopio.revelooprcm,8,261203931,04/23/2025,04/14/2025,04/15/2025,PENDING PAYMENT AT CIGNA HEALTH PLANS
jopio.revelooprcm,2,261204219,04/22/2025,04/14/2025,04/15/2025,APPROVED TO PAY AT ANTHEM BLUE CROSS CALIFORNIA
jopio.revelooprcm,2,261314761,04/21/2025,04/15/2025,04/16/2025,PROCESSING AT ANTHEM BLUE CROSS CALIFORNIA
jopio.revelooprcm,4,261315091,04/23/2025,04/15/2025,04/16/2025,PROCESSING AT ANTHEM BLUE CROSS CALIFORNIA
jopio.revelooprcm,2,261315255,04/22/2025,04/15/2025,04/16/2025,PROCESSING AT UNITED HEALTHCARE SHARED SERVICESGEHA
jopio.revelooprcm,2,261315403,04/21/2025,04/15/2025,04/16/2025,PROCESSING AT ANTHEM BLUE CROSS CALIFORNIA
jopio.revelooprcm,7,261315590,04/23/2025,04/15/2025,04/16/2025,PROCESSING AT CIGNA HEALTH PLANS
jopio.revelooprcm,2,261315665,04/22/2025,04/15/2025,04/16/2025,APPROVED TO PAY AT ANTHEM BLUE CROSS CALIFORNIA
jopio.revelooprcm,2,261449379,04/21/2025,04/16/2025,04/18/2025,PROCESSING AT ANTHEM BLUE CROSS CALIFORNIA
jopio.revelooprcm,6,261449500,04/23/2025,04/16/2025,04/17/2025,PROCESSING AT CIGNA HEALTH PLANS
jopio.revelooprcm,2,261449590,04/22/2025,04/16/2025,04/17/2025,PROCESSING AT ANTHEM BLUE CROSS CALIFORNIA
jopio.revelooprcm,4,261449883,04/23/2025,04/16/2025,04/17/2025,PROCESSING AT ANTHEM BLUE CROSS CALIFORNIA
jopio.revelooprcm,2,261450525,04/21/2025,04/16/2025,04/17/2025,PROCESSING AT ANTHEM BLUE CROSS CALIFORNIA
jopio.revelooprcm,2,261529705,04/21/2025,04/17/2025,04/18/2025,PROCESSING AT ANTHEM BLUE CROSS CALIFORNIA
jopio.revelooprcm,4,261530033,04/23/2025,04/17/2025,04/18/2025,PROCESSING AT ANTHEM BLUE CROSS CALIFORNIA
jopio.revelooprcm,2,261535792,04/21/2025,04/17/2025,04/18/2025,PROCESSING AT ANTHEM BLUE CROSS CALIFORNIA
jopio.revelooprcm,4,261536182,04/23/2025,04/17/2025,04/18/2025,PROCESSING AT CIGNA HEALTH PLANS
jopio.revelooprcm,2,261536248,04/22/2025,04/17/2025,04/18/2025,PROCESSING AT ANTHEM BLUE CROSS CALIFORNIA
jopio.revelooprcm,2,261679592,04/23/2025,04/18/2025,04/22/2025,CLAIM AT ANTHEM BLUE CROSS CALIFORNIA 
jopio.revelooprcm,2,261679754,04/23/2025,04/19/2025,04/22/2025,CLAIM AT ANTHEM BLUE CROSS CALIFORNIA 
jopio.revelooprcm,2,261679820,04/23/2025,04/20/2025,04/22/2025,CLAIM AT ANTHEM BLUE CROSS CALIFORNIA 
jopio.revelooprcm,1,261680441,04/21/2025,04/18/2025,,CLAIM AT ANTHEM BLUE CROSS CALIFORNIA 
jopio.revelooprcm,2,261680771,04/23/2025,04/18/2025,04/21/2025,PROCESSING AT CIGNA HEALTH PLANS
jopio.revelooprcm,2,261680844,04/23/2025,04/19/2025,04/21/2025,PROCESSING AT CIGNA HEALTH PLANS
jopio.revelooprcm,2,261680900,04/23/2025,04/20/2025,04/21/2025,PROCESSING AT CIGNA HEALTH PLANS
jopio.revelooprcm,2,261681029,04/22/2025,04/18/2025,04/21/2025,CLAIM AT ANTHEM BLUE CROSS CALIFORNIA 
jopio.revelooprcm,2,261681096,04/22/2025,04/19/2025,04/21/2025,CLAIM AT ANTHEM BLUE CROSS CALIFORNIA 
jopio.revelooprcm,2,261681279,04/22/2025,04/20/2025,04/21/2025,CLAIM AT ANTHEM BLUE CROSS CALIFORNIA 
patience.reveloop,2,260516945,04/23/2025,04/05/2025,04/09/2025,MEDICAL RECORDS SENT TO ANTHEM BLUE CROSS CALIFORNIA
patience.reveloop,2,260517024,04/23/2025,04/06/2025,04/09/2025,MEDICAL RECORDS SENT TO ANTHEM BLUE CROSS CALIFORNIA
patience.reveloop,2,260612643,04/23/2025,04/07/2025,04/09/2025,MEDICAL RECORDS SENT TO ANTHEM BLUE CROSS CALIFORNIA
patience.reveloop,2,260730053,04/23/2025,04/08/2025,04/09/2025,MEDICAL RECORDS SENT TO ANTHEM BLUE CROSS CALIFORNIA
patience.reveloop,2,260872939,04/23/2025,04/09/2025,04/10/2025,MEDICAL RECORDS SENT TO ANTHEM BLUE CROSS CALIFORNIA
roger.reveloop,3,257696353,03/14/2025,03/03/2025,03/07/2025,PENDING PAYMENT AT ANTHEM BLUE CROSS CALIFORNIA
roger.reveloop,6,257698523,03/21/2025,03/03/2025,03/05/2025,PAID
roger.reveloop,6,257698802,03/18/2025,03/03/2025,03/05/2025,PENDING PAYMENT AT UNITED HEALTHCARE
roger.reveloop,8,257699064,03/24/2025,03/03/2025,03/05/2025,PENDING PAYMENT AT ANTHEM BLUE CROSS CALIFORNIA
roger.reveloop,6,257699198,04/18/2025,03/03/2025,03/27/2025,REVIEW FOR WRITE OFF-CHARGE BALANCE
roger.reveloop,3,257699328,04/04/2025,03/03/2025,03/19/2025,BALANCE DUE PATIENT
roger.reveloop,4,257699627,03/17/2025,03/03/2025,03/06/2025,PAID
roger.reveloop,6,257814073,03/21/2025,03/04/2025,03/06/2025,PAID
roger.reveloop,5,257814304,03/18/2025,03/04/2025,03/06/2025,PENDING PAYMENT AT UNITED HEALTHCARE
roger.reveloop,6,257814449,03/24/2025,03/04/2025,03/07/2025,PENDING PAYMENT AT ANTHEM BLUE CROSS CALIFORNIA
roger.reveloop,3,257814516,04/04/2025,03/04/2025,03/19/2025,BALANCE DUE PATIENT
roger.reveloop,4,257814629,03/17/2025,03/04/2025,03/06/2025,PAID
roger.reveloop,2,257918914,03/14/2025,03/05/2025,03/07/2025,PAID
roger.reveloop,3,257918997,03/18/2025,03/05/2025,03/07/2025,PENDING PAYMENT AT UNITED HEALTHCARE
roger.reveloop,6,257919102,03/24/2025,03/05/2025,03/12/2025,PROCESSING AT ANTHEM BLUE CROSS CALIFORNIA
roger.reveloop,3,257919217,04/04/2025,03/05/2025,03/19/2025,BALANCE DUE PATIENT
roger.reveloop,4,258000512,03/18/2025,03/06/2025,03/07/2025,PENDING PAYMENT AT UNITED HEALTHCARE
roger.reveloop,6,258000996,03/24/2025,03/06/2025,03/12/2025,PENDING PAYMENT AT ANTHEM BLUE CROSS CALIFORNIA
roger.reveloop,3,258001273,04/04/2025,03/06/2025,03/19/2025,BALANCE DUE PATIENT
roger.reveloop,2,258157988,03/24/2025,03/08/2025,03/12/2025,PENDING PAYMENT AT ANTHEM BLUE CROSS CALIFORNIA
roger.reveloop,2,258158007,03/24/2025,03/09/2025,03/12/2025,PENDING PAYMENT AT ANTHEM BLUE CROSS CALIFORNIA
roger.reveloop,2,258158751,03/19/2025,03/07/2025,03/11/2025,REPRICING OF CLAIM IN PROCESS AT UNITED HEALTHCARE
roger.reveloop,3,258158928,04/04/2025,03/07/2025,03/19/2025,BALANCE DUE PATIENT
roger.reveloop,3,258158950,04/04/2025,03/08/2025,03/19/2025,BALANCE DUE PATIENT
roger.reveloop,2,258159238,03/24/2025,03/07/2025,03/11/2025,DENIED AT ANTHEM BLUE CROSS CALIFORNIA
roger.reveloop,2,258159258,03/24/2025,03/08/2025,03/11/2025,DENIED AT ANTHEM BLUE CROSS CALIFORNIA
roger.reveloop,2,258159270,03/24/2025,03/09/2025,03/11/2025,DENIED AT ANTHEM BLUE CROSS CALIFORNIA
roger.reveloop,4,258159437,03/17/2025,03/07/2025,03/10/2025,BALANCE DUE PATIENT
roger.reveloop,2,258159466,03/14/2025,03/08/2025,03/10/2025,BALANCE DUE PATIENT
roger.reveloop,4,258159479,03/14/2025,03/09/2025,03/10/2025,BALANCE DUE PATIENT
roger.reveloop,8,258160329,04/01/2025,03/07/2025,03/13/2025,REPRICING APPEAL SENT TO ANTHEM BLUE CROSS CALIFORNIA
roger.reveloop,10,258160357,04/01/2025,03/08/2025,03/10/2025,REPRICING APPEAL SENT TO ANTHEM BLUE CROSS CALIFORNIA
roger.reveloop,10,258160407,04/01/2025,03/09/2025,03/10/2025,REPRICING APPEAL SENT TO ANTHEM BLUE CROSS CALIFORNIA
roger.reveloop,3,258160496,03/18/2025,03/07/2025,03/13/2025,PENDING PAYMENT AT UNITED HEALTHCARE
roger.reveloop,2,258160505,03/14/2025,03/08/2025,03/10/2025,PENDING PAYMENT AT UNITED HEALTHCARE
roger.reveloop,2,258160513,03/14/2025,03/09/2025,03/10/2025,PENDING PAYMENT AT UNITED HEALTHCARE
roger.reveloop,6,258160580,03/24/2025,03/07/2025,03/12/2025,PENDING PAYMENT AT ANTHEM BLUE CROSS CALIFORNIA
roger.reveloop,6,258160598,03/24/2025,03/08/2025,03/12/2025,PENDING PAYMENT AT ANTHEM BLUE CROSS CALIFORNIA
roger.reveloop,6,258160655,03/24/2025,03/09/2025,03/12/2025,PENDING PAYMENT AT ANTHEM BLUE CROSS CALIFORNIA
roger.reveloop,2,258283945,03/14/2025,03/10/2025,03/11/2025,BALANCE DUE PATIENT
roger.reveloop,2,258284042,03/24/2025,03/10/2025,03/11/2025,DENIED AT ANTHEM BLUE CROSS CALIFORNIA
roger.reveloop,2,258284245,03/24/2025,03/10/2025,03/12/2025,PENDING PAYMENT AT ANTHEM BLUE CROSS CALIFORNIA
roger.reveloop,2,258284863,03/14/2025,03/10/2025,03/13/2025,PENDING PAYMENT AT UNITED HEALTHCARE
roger.reveloop,6,258284992,03/24/2025,03/10/2025,03/12/2025,PENDING PAYMENT AT ANTHEM BLUE CROSS CALIFORNIA
roger.reveloop,8,258285053,04/01/2025,03/10/2025,03/11/2025,REPRICING APPEAL SENT TO ANTHEM BLUE CROSS CALIFORNIA
roger.reveloop,1,258394253,03/19/2025,03/10/2025,03/19/2025,APPROVED TO PAY AT UPMC HEALTH PLAN COMMERCIAL
roger.reveloop,2,258398443,03/24/2025,03/11/2025,03/12/2025,PENDING PAYMENT AT ANTHEM BLUE CROSS CALIFORNIA
roger.reveloop,1,258398643,03/19/2025,03/11/2025,03/19/2025,APPROVED TO PAY AT UPMC HEALTH PLAN COMMERCIAL
roger.reveloop,2,258398692,03/24/2025,03/11/2025,03/12/2025,PROCESSING AT ANTHEM BLUE CROSS CALIFORNIA
roger.reveloop,2,258398788,03/14/2025,03/11/2025,03/12/2025,BALANCE DUE PATIENT
roger.reveloop,8,258399051,04/01/2025,03/11/2025,03/12/2025,REPRICING APPEAL SENT TO ANTHEM BLUE CROSS CALIFORNIA
roger.reveloop,2,258399132,03/14/2025,03/11/2025,03/12/2025,PENDING PAYMENT AT UNITED HEALTHCARE
roger.reveloop,6,258399192,03/24/2025,03/11/2025,03/12/2025,APPROVED TO PAY AT ANTHEM BLUE CROSS CALIFORNIA
roger.reveloop,1,258489141,03/24/2025,03/12/2025,03/13/2025,PENDING PAYMENT AT ANTHEM BLUE CROSS CALIFORNIA
roger.reveloop,1,258489594,03/19/2025,03/12/2025,03/19/2025,APPROVED TO PAY AT UPMC HEALTH PLAN COMMERCIAL
roger.reveloop,2,258489731,03/24/2025,03/12/2025,03/13/2025,PROCESSING AT ANTHEM BLUE CROSS CALIFORNIA
roger.reveloop,2,258490052,03/14/2025,03/12/2025,03/13/2025,BALANCE DUE PATIENT
roger.reveloop,8,258490471,04/01/2025,03/12/2025,03/13/2025,REPRICING APPEAL SENT TO ANTHEM BLUE CROSS CALIFORNIA
roger.reveloop,1,258566025,03/24/2025,03/13/2025,03/14/2025,PENDING PAYMENT AT ANTHEM BLUE CROSS CALIFORNIA
roger.reveloop,1,258566466,03/19/2025,03/13/2025,03/19/2025,PROCESSING AT UPMC HEALTH PLAN COMMERCIAL
roger.reveloop,2,258566620,03/24/2025,03/13/2025,03/14/2025,PROCESSING AT ANTHEM BLUE CROSS CALIFORNIA
roger.reveloop,7,258567393,04/01/2025,03/13/2025,03/14/2025,REPRICING APPEAL SENT TO ANTHEM BLUE CROSS CALIFORNIA
roger.reveloop,4,258751268,04/07/2025,03/14/2025,03/17/2025,APPROVED TO PAY AT ANTHEM BLUE CROSS CALIFORNIA
roger.reveloop,1,258751587,03/19/2025,03/14/2025,03/19/2025,PROCESSING AT UPMC HEALTH PLAN COMMERCIAL
roger.reveloop,1,258751616,03/19/2025,03/15/2025,03/19/2025,PROCESSING AT UPMC HEALTH PLAN COMMERCIAL
roger.reveloop,1,258751646,03/19/2025,03/16/2025,03/19/2025,PROCESSING AT UPMC HEALTH PLAN COMMERCIAL
roger.reveloop,2,258752363,03/24/2025,03/15/2025,03/18/2025,PENDING PAYMENT AT ANTHEM BLUE CROSS CALIFORNIA
roger.reveloop,3,258752508,04/07/2025,03/16/2025,03/18/2025,APPROVED TO PAY AT ANTHEM BLUE CROSS CALIFORNIA
roger.reveloop,6,258752841,04/01/2025,03/14/2025,03/17/2025,REPRICING APPEAL SENT TO ANTHEM BLUE CROSS CALIFORNIA
roger.reveloop,2,258752858,04/03/2025,03/15/2025,03/17/2025,REPRICING APPEAL SENT TO ANTHEM BLUE CROSS CALIFORNIA
roger.reveloop,6,258752880,04/01/2025,03/16/2025,03/17/2025,REPRICING APPEAL SENT TO ANTHEM BLUE CROSS CALIFORNIA
roger.reveloop,4,258816248,04/07/2025,03/17/2025,03/18/2025,APPROVED TO PAY AT ANTHEM BLUE CROSS CALIFORNIA
roger.reveloop,6,258816366,04/01/2025,03/17/2025,03/18/2025,REPRICING APPEAL SENT TO ANTHEM BLUE CROSS CALIFORNIA
roger.reveloop,1,258816713,03/19/2025,03/17/2025,03/19/2025,PROCESSING AT UPMC HEALTH PLAN COMMERCIAL
roger.reveloop,4,258988938,04/07/2025,03/18/2025,03/19/2025,APPROVED TO PAY AT ANTHEM BLUE CROSS CALIFORNIA
roger.reveloop,6,258989275,04/01/2025,03/18/2025,03/19/2025,REPRICING APPEAL SENT TO ANTHEM BLUE CROSS CALIFORNIA
roger.reveloop,2,258990133,04/08/2025,03/18/2025,03/19/2025,PROCESSING AT UPMC HEALTH PLAN COMMERCIAL
roger.reveloop,4,259099746,04/07/2025,03/19/2025,03/20/2025,APPROVED TO PAY AT ANTHEM BLUE CROSS CALIFORNIA
roger.reveloop,2,259100317,04/03/2025,03/19/2025,03/20/2025,REPRICING APPEAL SENT TO ANTHEM BLUE CROSS CALIFORNIA
roger.reveloop,2,259101032,04/08/2025,03/19/2025,03/20/2025,PROCESSING AT UPMC HEALTH PLAN COMMERCIAL
roger.reveloop,4,259156525,04/11/2025,03/20/2025,03/21/2025,APPROVED TO PAY AT ANTHEM BLUE CROSS CALIFORNIA
roger.reveloop,2,259156657,04/01/2025,03/20/2025,03/21/2025,REPRICING APPEAL SENT TO ANTHEM BLUE CROSS CALIFORNIA
roger.reveloop,2,259353393,04/11/2025,03/21/2025,03/24/2025,APPROVED TO PAY AT ANTHEM BLUE CROSS CALIFORNIA
roger.reveloop,2,259353400,04/11/2025,03/22/2025,03/24/2025,APPROVED TO PAY AT ANTHEM BLUE CROSS CALIFORNIA
roger.reveloop,2,259353421,04/11/2025,03/23/2025,03/24/2025,APPROVED TO PAY AT ANTHEM BLUE CROSS CALIFORNIA
roger.reveloop,2,259353464,04/01/2025,03/21/2025,03/24/2025,REPRICING APPEAL SENT TO ANTHEM BLUE CROSS CALIFORNIA
roger.reveloop,2,259353474,04/01/2025,03/22/2025,03/24/2025,REPRICING APPEAL SENT TO ANTHEM BLUE CROSS CALIFORNIA
roger.reveloop,2,259353482,04/01/2025,03/23/2025,03/24/2025,REPRICING APPEAL SENT TO ANTHEM BLUE CROSS CALIFORNIA
roger.reveloop,2,259353525,03/25/2025,03/21/2025,03/24/2025,PENDING PAYMENT AT UNITED HEALTHCARE
roger.reveloop,2,259353543,03/25/2025,03/22/2025,03/24/2025,PENDING PAYMENT AT UNITED HEALTHCARE
roger.reveloop,1,259353550,03/25/2025,03/23/2025,03/24/2025,PENDING PAYMENT AT UNITED HEALTHCARE
roger.reveloop,2,259353608,04/08/2025,03/21/2025,03/24/2025,PROCESSING AT UPMC HEALTH PLAN COMMERCIAL
roger.reveloop,2,259353614,04/08/2025,03/22/2025,03/24/2025,PROCESSING AT UPMC HEALTH PLAN COMMERCIAL
roger.reveloop,2,259353621,04/08/2025,03/23/2025,03/24/2025,PROCESSING AT UPMC HEALTH PLAN COMMERCIAL
roger.reveloop,2,259461828,04/11/2025,03/24/2025,03/25/2025,APPROVED TO PAY AT ANTHEM BLUE CROSS CALIFORNIA
roger.reveloop,2,259545315,04/11/2025,03/25/2025,03/26/2025,APPROVED TO PAY AT ANTHEM BLUE CROSS CALIFORNIA
roger.reveloop,2,259649625,04/13/2025,03/26/2025,03/27/2025,APPROVED TO PAY AT ANTHEM BLUE CROSS CALIFORNIA
roger.reveloop,2,259770347,04/16/2025,03/27/2025,03/28/2025,PENDING PAYMENT AT ANTHEM BLUE CROSS CALIFORNIA
roger.reveloop,2,259906066,04/08/2025,03/29/2025,03/31/2025,PROCESSING AT UNITED MEDICAL RESOURCES
roger.reveloop,2,259906407,04/08/2025,03/30/2025,03/31/2025,PROCESSING AT UNITED MEDICAL RESOURCES
roger.reveloop,4,259908339,04/16/2025,03/28/2025,03/31/2025,APPROVED TO PAY AT ANTHEM BLUE CROSS CALIFORNIA
roger.reveloop,4,259908588,04/16/2025,03/29/2025,03/31/2025,APPROVED TO PAY AT ANTHEM BLUE CROSS CALIFORNIA
roger.reveloop,4,259908756,04/16/2025,03/30/2025,03/31/2025,APPROVED TO PAY AT ANTHEM BLUE CROSS CALIFORNIA
roger.reveloop,2,259909995,04/08/2025,03/30/2025,03/31/2025,PENDING PAYMENT AT UNITED HEALTHCARE SHARED SERVICESGEHA
roger.reveloop,2,259910575,04/08/2025,03/30/2025,03/31/2025,PROCESSING AT UPMC HEALTH PLAN COMMERCIAL
roger.reveloop,4,259912841,04/15/2025,03/28/2025,03/31/2025,APPROVED TO PAY AT ANTHEM BLUE CROSS CALIFORNIA
roger.reveloop,4,259912895,04/16/2025,03/29/2025,03/31/2025,APPROVED TO PAY AT ANTHEM BLUE CROSS CALIFORNIA
roger.reveloop,4,259913023,04/15/2025,03/30/2025,03/31/2025,APPROVED TO PAY AT ANTHEM BLUE CROSS CALIFORNIA
roger.reveloop,2,259926693,04/08/2025,03/31/2025,03/31/2025,PROCESSING AT UNITED MEDICAL RESOURCES
roger.reveloop,6,259926811,04/16/2025,03/31/2025,03/31/2025,APPROVED TO PAY AT ANTHEM BLUE CROSS CALIFORNIA
roger.reveloop,4,259926866,04/16/2025,03/31/2025,03/31/2025,APPROVED TO PAY AT ANTHEM BLUE CROSS CALIFORNIA
roger.reveloop,2,259927061,04/08/2025,03/31/2025,03/31/2025,PENDING PAYMENT AT UNITED HEALTHCARE SHARED SERVICESGEHA
roger.reveloop,2,259927091,04/08/2025,03/31/2025,03/31/2025,PROCESSING AT UPMC HEALTH PLAN COMMERCIAL
roger.reveloop,2,260110479,04/08/2025,04/01/2025,04/02/2025,PROCESSING AT UNITED MEDICAL RESOURCES
roger.reveloop,3,260111247,04/14/2025,04/01/2025,04/02/2025,APPROVED TO PAY AT ANTHEM BLUE CROSS CALIFORNIA
roger.reveloop,2,260112489,04/08/2025,04/01/2025,04/02/2025,PENDING PAYMENT AT UNITED HEALTHCARE SHARED SERVICESGEHA
roger.reveloop,2,260112721,04/08/2025,04/01/2025,04/02/2025,PROCESSING AT UPMC HEALTH PLAN COMMERCIAL
roger.reveloop,2,260113022,04/09/2025,04/01/2025,04/02/2025,PENDING PAYMENT AT ANTHEM BLUE CROSS CALIFORNIA
roger.reveloop,2,260215244,04/08/2025,04/02/2025,04/03/2025,PROCESSING AT UNITED MEDICAL RESOURCES
roger.reveloop,2,260215432,04/22/2025,04/02/2025,04/03/2025,PROCESSING AT ANTHEM BLUE CROSS CALIFORNIA
roger.reveloop,4,260215623,04/15/2025,04/02/2025,04/03/2025,APPROVED TO PAY AT ANTHEM BLUE CROSS CALIFORNIA
roger.reveloop,2,260218049,04/08/2025,04/02/2025,04/03/2025,PENDING PAYMENT AT UNITED HEALTHCARE SHARED SERVICESGEHA
roger.reveloop,2,260218282,04/08/2025,04/02/2025,04/03/2025,CLAIM AT UPMC HEALTH PLAN COMMERCIAL 
roger.reveloop,2,260218444,04/09/2025,04/02/2025,04/03/2025,PENDING PAYMENT AT ANTHEM BLUE CROSS CALIFORNIA
roger.reveloop,4,260327046,04/16/2025,04/03/2025,04/04/2025,APPROVED TO PAY AT ANTHEM BLUE CROSS CALIFORNIA
roger.reveloop,4,260327808,04/23/2025,04/03/2025,04/04/2025,PROCESSING AT ANTHEM BLUE CROSS CALIFORNIA
roger.reveloop,2,260328249,04/08/2025,04/03/2025,04/04/2025,PENDING PAYMENT AT UNITED HEALTHCARE SHARED SERVICESGEHA
roger.reveloop,2,260328406,04/08/2025,04/03/2025,04/04/2025,CLAIM AT UPMC HEALTH PLAN COMMERCIAL 
roger.reveloop,1,260328543,04/09/2025,04/03/2025,04/04/2025,PENDING PAYMENT AT ANTHEM BLUE CROSS CALIFORNIA
roger.reveloop,2,260328649,04/08/2025,04/03/2025,04/04/2025,UNDERPAID AT OON ANTHEM BLUE CROSS CALIFORNIA
roger.reveloop,2,260520406,04/22/2025,04/04/2025,04/07/2025,PROCESSING AT ANTHEM BLUE CROSS CALIFORNIA
roger.reveloop,2,260520502,04/22/2025,04/05/2025,04/07/2025,PROCESSING AT ANTHEM BLUE CROSS CALIFORNIA
roger.reveloop,2,260520619,04/22/2025,04/06/2025,04/07/2025,PROCESSING AT ANTHEM BLUE CROSS CALIFORNIA
roger.reveloop,4,260520983,04/18/2025,04/04/2025,04/07/2025,APPROVED TO PAY AT ANTHEM BLUE CROSS CALIFORNIA
roger.reveloop,6,260521101,04/18/2025,04/05/2025,04/07/2025,APPROVED TO PAY AT ANTHEM BLUE CROSS CALIFORNIA
roger.reveloop,3,260521196,04/16/2025,04/06/2025,04/07/2025,APPROVED TO PAY AT ANTHEM BLUE CROSS CALIFORNIA
roger.reveloop,2,260522167,04/09/2025,04/04/2025,04/07/2025,PENDING PAYMENT AT ANTHEM BLUE CROSS CALIFORNIA
roger.reveloop,2,260522208,04/09/2025,04/05/2025,04/07/2025,PENDING PAYMENT AT ANTHEM BLUE CROSS CALIFORNIA
roger.reveloop,2,260522285,04/09/2025,04/06/2025,04/07/2025,PENDING PAYMENT AT ANTHEM BLUE CROSS CALIFORNIA
roger.reveloop,2,260522375,04/09/2025,04/04/2025,04/07/2025,UNDERPAID AT OON ANTHEM BLUE CROSS CALIFORNIA
roger.reveloop,2,260522443,04/09/2025,04/05/2025,04/07/2025,UNDERPAID AT OON ANTHEM BLUE CROSS CALIFORNIA
roger.reveloop,2,260522502,04/09/2025,04/06/2025,04/07/2025,UNDERPAID AT OON ANTHEM BLUE CROSS CALIFORNIA
roger.reveloop,2,260522581,04/09/2025,04/04/2025,04/07/2025,PROCESSING AT CIGNA HEALTH PLANS
roger.reveloop,2,260522622,04/09/2025,04/05/2025,04/07/2025,PROCESSING AT CIGNA HEALTH PLANS
roger.reveloop,2,260522676,04/09/2025,04/06/2025,04/07/2025,PROCESSING AT CIGNA HEALTH PLANS
roger.reveloop,4,260614346,04/18/2025,04/07/2025,04/08/2025,APPROVED TO PAY AT ANTHEM BLUE CROSS CALIFORNIA
roger.reveloop,2,260730359,04/21/2025,04/08/2025,04/09/2025,PROCESSING AT ANTHEM BLUE CROSS CALIFORNIA
shamika.vantage,2,257813832,03/18/2025,03/04/2025,,DNB ADJUSTMENT
shamika.vantage,4,258157988,03/24/2025,03/08/2025,03/12/2025,PENDING PAYMENT AT ANTHEM BLUE CROSS CALIFORNIA
shamika.vantage,4,258158007,03/24/2025,03/09/2025,03/12/2025,PENDING PAYMENT AT ANTHEM BLUE CROSS CALIFORNIA
shamika.vantage,2,258160496,03/23/2025,03/07/2025,03/13/2025,PENDING PAYMENT AT UNITED HEALTHCARE
shamika.vantage,4,258284245,03/24/2025,03/10/2025,03/12/2025,PENDING PAYMENT AT ANTHEM BLUE CROSS CALIFORNIA
shamika.vantage,2,258284863,03/23/2025,03/10/2025,03/13/2025,PENDING PAYMENT AT UNITED HEALTHCARE
shamika.vantage,4,258398443,03/24/2025,03/11/2025,03/12/2025,PENDING PAYMENT AT ANTHEM BLUE CROSS CALIFORNIA
shamika.vantage,2,258490646,03/24/2025,03/12/2025,,DNB ADJUSTMENT
shamika.vantage,2,258567544,03/24/2025,03/13/2025,,DNB ADJUSTMENT
shamika.vantage,2,258751757,03/19/2025,03/14/2025,,DNB ADJUSTMENT
shamika.vantage,2,258752363,03/24/2025,03/15/2025,03/18/2025,PENDING PAYMENT AT ANTHEM BLUE CROSS CALIFORNIA
shamika.vantage,2,258753335,03/24/2025,03/14/2025,,DNB ADJUSTMENT
shamika.vantage,2,258753364,03/24/2025,03/15/2025,,DNB ADJUSTMENT
shamika.vantage,2,258753412,03/24/2025,03/16/2025,,DNB ADJUSTMENT
shamika.vantage,2,258816799,03/24/2025,03/17/2025,,DNB ADJUSTMENT
shamika.vantage,2,258990262,03/24/2025,03/18/2025,,DNB ADJUSTMENT
shamika.vantage,2,259093567,03/24/2025,03/19/2025,,DNB ADJUSTMENT
snabulya.reveloop,1,259907258,04/09/2025,03/29/2025,04/09/2025,PENDING PAYMENT AT UNITED HEALTHCARE
snabulya.reveloop,1,259907325,04/09/2025,03/30/2025,04/09/2025,PENDING PAYMENT AT UNITED HEALTHCARE
stephaniereveloop,1,258567393,03/24/2025,03/13/2025,03/14/2025,REPRICING APPEAL SENT TO ANTHEM BLUE CROSS CALIFORNIA
stephaniereveloop,2,258752858,04/18/2025,03/15/2025,03/17/2025,REPRICING APPEAL SENT TO ANTHEM BLUE CROSS CALIFORNIA
stephaniereveloop,2,259100317,04/18/2025,03/19/2025,03/20/2025,REPRICING APPEAL SENT TO ANTHEM BLUE CROSS CALIFORNIA
