Facility Name,Practice Name,Charge Entered Date,Office Name,Charge From Date,Charge To Date,Charge First Bill Date,Patient ID,Patient Full Name,Charge ID,Charge Rev Code,Charge CPT Code,Remark Code(s),Unpaid Reason Code(s),Charge Primary Payment Date,Payment Received,Payment Entered,Charge Primary Payer Name,Payer Name,Charge Amount,Insurance Paid Amount
1 SOLUTION WELLNESS LLC,1 SOLUTION WELLNESS LLC,03/31/2025,1 SOLUTION WELLNESS LLC,03/30/2025,03/30/2025,03/31/2025,64245450,"EISELE, ELLA ",588921238,1002,H0019,,PR-2,04/22/2025,04/22/2025,04/21/2025,UNITED HEALTHCARE,UNITED HEALTHCARE,"$6,275.00",$513.44
1 SOLUTION WELLNESS LLC,1 SOLUTION WELLNESS LLC,03/10/2025,1 SOLUTION WELLNESS LLC,03/08/2025,03/08/2025,03/11/2025,64245476,"LUTEN, JESSE ",585036960,0126,H0010,,PR-2,04/01/2025,04/01/2025,04/01/2025,UNITED HEALTHCARE,UNITED HEALTHCARE,"$6,775.00",$603.99
1 SOLUTION WELLNESS LLC,1 SOLUTION WELLNESS LLC,03/17/2025,1 SOLUTION WELLNESS LLC,03/14/2025,03/14/2025,03/17/2025,64245476,"LUTEN, JESSE ",586344342,0126,H0010,,PR-2,04/08/2025,04/08/2025,04/07/2025,UNITED HEALTHCARE,UNITED HEALTHCARE,"$6,775.00",$603.99
1 SOLUTION WELLNESS LLC,1 SOLUTION WELLNESS LLC,03/17/2025,1 SOLUTION WELLNESS LLC,03/15/2025,03/15/2025,03/17/2025,64245476,"LUTEN, JESSE ",586347637,1002,H0019,,PR-2,04/08/2025,04/08/2025,04/07/2025,UNITED HEALTHCARE,UNITED HEALTHCARE,"$6,275.00",$403.42
1 SOLUTION WELLNESS LLC,1 SOLUTION WELLNESS LLC,03/10/2025,1 SOLUTION WELLNESS LLC,03/07/2025,03/07/2025,03/13/2025,64245663,"LIPSCOMB, CYNTHIA ",585040301,1002,H0019,,"PR-1, PR-3",04/21/2025,03/24/2025,03/24/2025,ANTHEM BLUE CROSS CALIFORNIA,ANTHEM BLUE CROSS CALIFORNIA,"$6,275.00",$0.00
1 SOLUTION WELLNESS LLC,1 SOLUTION WELLNESS LLC,03/10/2025,1 SOLUTION WELLNESS LLC,03/07/2025,03/07/2025,03/13/2025,64245663,"LIPSCOMB, CYNTHIA ",585040301,1002,H0019,,PR-1,04/21/2025,04/21/2025,04/21/2025,ANTHEM BLUE CROSS CALIFORNIA,ANTHEM BLUE CROSS CALIFORNIA,"$6,275.00",$0.00
1 SOLUTION WELLNESS LLC,1 SOLUTION WELLNESS LLC,03/11/2025,1 SOLUTION WELLNESS LLC,03/10/2025,03/10/2025,03/11/2025,64245663,"LIPSCOMB, CYNTHIA ",585323624,1002,H0019,,PR-1,03/24/2025,03/24/2025,03/24/2025,ANTHEM BLUE CROSS CALIFORNIA,ANTHEM BLUE CROSS CALIFORNIA,"$6,275.00",$0.00
1 SOLUTION WELLNESS LLC,1 SOLUTION WELLNESS LLC,04/07/2025,1 SOLUTION WELLNESS LLC,04/04/2025,04/04/2025,04/07/2025,64422160,"THOMPSON, TAINA ",590308769,1002,H0019,,,04/21/2025,04/21/2025,04/21/2025,ANTHEM BLUE CROSS CALIFORNIA,ANTHEM BLUE CROSS CALIFORNIA,"$6,275.00",$894.00
1 SOLUTION WELLNESS LLC,1 SOLUTION WELLNESS LLC,04/08/2025,1 SOLUTION WELLNESS LLC,04/07/2025,04/07/2025,04/08/2025,64422160,"THOMPSON, TAINA ",590512980,1002,H0019,,,04/21/2025,04/21/2025,04/21/2025,ANTHEM BLUE CROSS CALIFORNIA,ANTHEM BLUE CROSS CALIFORNIA,"$6,275.00",$894.00
1 SOLUTION WELLNESS LLC,1 SOLUTION WELLNESS LLC,04/09/2025,1 SOLUTION WELLNESS LLC,04/08/2025,04/08/2025,04/09/2025,64422160,"THOMPSON, TAINA ",590769369,1002,H0019,,,04/21/2025,04/21/2025,04/21/2025,ANTHEM BLUE CROSS CALIFORNIA,ANTHEM BLUE CROSS CALIFORNIA,"$6,275.00",$894.00
1 SOLUTION WELLNESS LLC,1 SOLUTION WELLNESS LLC,03/10/2025,1 SOLUTION WELLNESS LLC,03/09/2025,03/09/2025,03/10/2025,64245578,"SMITH, SARAH ",585038888,0126,H0010,M16,PR-2,03/26/2025,03/26/2025,03/27/2025,CIGNA HEALTH PLANS,CIGNA HEALTH PLANS,"$6,775.00",$921.67
1 SOLUTION WELLNESS LLC,1 SOLUTION WELLNESS LLC,03/13/2025,1 SOLUTION WELLNESS LLC,03/12/2025,03/12/2025,03/13/2025,64245663,"LIPSCOMB, CYNTHIA ",585764535,1002,H0019,,"PR-1, PR-3",03/24/2025,03/24/2025,03/24/2025,ANTHEM BLUE CROSS CALIFORNIA,ANTHEM BLUE CROSS CALIFORNIA,"$6,275.00",$0.00
1 SOLUTION WELLNESS LLC,1 SOLUTION WELLNESS LLC,03/14/2025,1 SOLUTION WELLNESS LLC,03/13/2025,03/13/2025,03/14/2025,64245663,"LIPSCOMB, CYNTHIA ",585931213,1002,H0019,N463,PR-1,03/24/2025,03/24/2025,03/24/2025,ANTHEM BLUE CROSS CALIFORNIA,ANTHEM BLUE CROSS CALIFORNIA,"$6,275.00",$0.00
1 SOLUTION WELLNESS LLC,1 SOLUTION WELLNESS LLC,03/24/2025,1 SOLUTION WELLNESS LLC,03/21/2025,03/21/2025,03/24/2025,64245476,"LUTEN, JESSE ",587683460,1002,H0019,,PR-2,04/08/2025,04/08/2025,04/07/2025,UNITED HEALTHCARE,UNITED HEALTHCARE,"$6,275.00",$403.42
1 SOLUTION WELLNESS LLC,1 SOLUTION WELLNESS LLC,03/24/2025,1 SOLUTION WELLNESS LLC,03/22/2025,03/22/2025,03/24/2025,64245476,"LUTEN, JESSE ",587683490,1002,H0019,,PR-2,04/08/2025,04/08/2025,04/07/2025,UNITED HEALTHCARE,UNITED HEALTHCARE,"$6,275.00",$403.42
1 SOLUTION WELLNESS LLC,1 SOLUTION WELLNESS LLC,03/31/2025,1 SOLUTION WELLNESS LLC,03/29/2025,03/29/2025,03/31/2025,64422160,"THOMPSON, TAINA ",588924262,0126,H0010,,,04/14/2025,04/14/2025,04/14/2025,ANTHEM BLUE CROSS CALIFORNIA,ANTHEM BLUE CROSS CALIFORNIA,"$6,775.00","$1,053.00"
1 SOLUTION WELLNESS LLC,1 SOLUTION WELLNESS LLC,03/31/2025,1 SOLUTION WELLNESS LLC,03/30/2025,03/30/2025,03/31/2025,64422160,"THOMPSON, TAINA ",588924411,0126,H0010,,,04/14/2025,04/14/2025,04/14/2025,ANTHEM BLUE CROSS CALIFORNIA,ANTHEM BLUE CROSS CALIFORNIA,"$6,775.00","$1,053.00"
1 SOLUTION WELLNESS LLC,1 SOLUTION WELLNESS LLC,03/19/2025,1 SOLUTION WELLNESS LLC,03/18/2025,03/18/2025,03/19/2025,64245663,"LIPSCOMB, CYNTHIA ",586870271,1002,H0019,,PR-1,03/31/2025,03/31/2025,03/31/2025,ANTHEM BLUE CROSS CALIFORNIA,ANTHEM BLUE CROSS CALIFORNIA,"$6,275.00",$0.00
1 SOLUTION WELLNESS LLC,1 SOLUTION WELLNESS LLC,03/05/2025,1 SOLUTION WELLNESS LLC,03/04/2025,03/04/2025,03/12/2025,64179663,"SANDERS, LARRY ",584264104,0126,H0010,,PR-2,04/14/2025,04/14/2025,04/14/2025,ANTHEM BLUE CROSS CALIFORNIA,ANTHEM BLUE CROSS CALIFORNIA,"$6,775.00","$2,852.87"
1 SOLUTION WELLNESS LLC,1 SOLUTION WELLNESS LLC,03/10/2025,1 SOLUTION WELLNESS LLC,03/07/2025,03/07/2025,03/12/2025,64179663,"SANDERS, LARRY ",585037276,0126,H0010,,PR-2,04/14/2025,04/14/2025,04/14/2025,ANTHEM BLUE CROSS CALIFORNIA,ANTHEM BLUE CROSS CALIFORNIA,"$6,775.00","$2,852.87"
1 SOLUTION WELLNESS LLC,1 SOLUTION WELLNESS LLC,03/10/2025,1 SOLUTION WELLNESS LLC,03/08/2025,03/08/2025,03/12/2025,64179663,"SANDERS, LARRY ",585037338,0126,H0010,,"PR-2, PR-3",04/14/2025,04/14/2025,04/14/2025,ANTHEM BLUE CROSS CALIFORNIA,ANTHEM BLUE CROSS CALIFORNIA,"$6,775.00","$2,602.87"
1 SOLUTION WELLNESS LLC,1 SOLUTION WELLNESS LLC,04/01/2025,1 SOLUTION WELLNESS LLC,03/31/2025,03/31/2025,03/31/2025,64422160,"THOMPSON, TAINA ",588957475,1002,H0019,,,04/14/2025,04/14/2025,04/14/2025,ANTHEM BLUE CROSS CALIFORNIA,ANTHEM BLUE CROSS CALIFORNIA,"$6,275.00",$894.00
1 SOLUTION WELLNESS LLC,1 SOLUTION WELLNESS LLC,04/02/2025,1 SOLUTION WELLNESS LLC,04/01/2025,04/01/2025,04/02/2025,64422160,"THOMPSON, TAINA ",589365289,1002,H0019,,PR-1,04/14/2025,04/14/2025,04/14/2025,ANTHEM BLUE CROSS CALIFORNIA,ANTHEM BLUE CROSS CALIFORNIA,"$6,275.00",$0.00
1 SOLUTION WELLNESS LLC,1 SOLUTION WELLNESS LLC,03/21/2025,1 SOLUTION WELLNESS LLC,03/20/2025,03/20/2025,03/21/2025,64245663,"LIPSCOMB, CYNTHIA ",587238946,1002,H0019,,PR-1,03/31/2025,03/31/2025,03/31/2025,ANTHEM BLUE CROSS CALIFORNIA,ANTHEM BLUE CROSS CALIFORNIA,"$6,275.00",$0.00
1 SOLUTION WELLNESS LLC,1 SOLUTION WELLNESS LLC,03/17/2025,1 SOLUTION WELLNESS LLC,03/15/2025,03/15/2025,03/17/2025,64245578,"SMITH, SARAH ",586348585,1002,H0019,M16,,04/01/2025,04/01/2025,04/01/2025,CIGNA HEALTH PLANS,CIGNA HEALTH PLANS,"$6,275.00","$2,304.18"
1 SOLUTION WELLNESS LLC,1 SOLUTION WELLNESS LLC,03/24/2025,1 SOLUTION WELLNESS LLC,03/21/2025,03/21/2025,03/24/2025,64245663,"LIPSCOMB, CYNTHIA ",587682790,1002,H0019,,PR-1,03/31/2025,03/31/2025,03/31/2025,ANTHEM BLUE CROSS CALIFORNIA,ANTHEM BLUE CROSS CALIFORNIA,"$6,275.00",$0.00
1 SOLUTION WELLNESS LLC,1 SOLUTION WELLNESS LLC,03/25/2025,1 SOLUTION WELLNESS LLC,03/24/2025,03/24/2025,03/25/2025,64245578,"SMITH, SARAH ",587831597,1002,H0019,M16,,04/09/2025,04/09/2025,04/08/2025,CIGNA HEALTH PLANS,CIGNA HEALTH PLANS,"$6,275.00","$2,304.18"
1 SOLUTION WELLNESS LLC,1 SOLUTION WELLNESS LLC,03/26/2025,1 SOLUTION WELLNESS LLC,03/25/2025,03/25/2025,03/26/2025,64438660,"JORDAN, JONATHAN ",588109885,0126,H0010,M16,,04/07/2025,04/07/2025,04/07/2025,CIGNA HEALTH PLANS,CIGNA HEALTH PLANS,"$6,775.00","$2,304.18"
1 SOLUTION WELLNESS LLC,1 SOLUTION WELLNESS LLC,03/26/2025,1 SOLUTION WELLNESS LLC,03/25/2025,03/25/2025,03/26/2025,64422160,"THOMPSON, TAINA ",588112738,0126,H0010,,,04/07/2025,04/07/2025,04/07/2025,ANTHEM BLUE CROSS CALIFORNIA,ANTHEM BLUE CROSS CALIFORNIA,"$6,775.00","$1,053.00"
1 SOLUTION WELLNESS LLC,1 SOLUTION WELLNESS LLC,03/17/2025,1 SOLUTION WELLNESS LLC,03/16/2025,03/16/2025,03/17/2025,64245476,"LUTEN, JESSE ",586347712,1002,H0019,,PR-1,04/01/2025,04/01/2025,04/01/2025,UNITED HEALTHCARE,UNITED HEALTHCARE,"$6,275.00",$0.00
1 SOLUTION WELLNESS LLC,1 SOLUTION WELLNESS LLC,03/18/2025,1 SOLUTION WELLNESS LLC,03/17/2025,03/17/2025,03/18/2025,64245476,"LUTEN, JESSE ",586496258,1002,H0019,,PR-1,04/01/2025,04/01/2025,04/01/2025,UNITED HEALTHCARE,UNITED HEALTHCARE,"$6,275.00",$0.00
1 SOLUTION WELLNESS LLC,1 SOLUTION WELLNESS LLC,03/19/2025,1 SOLUTION WELLNESS LLC,03/18/2025,03/18/2025,03/19/2025,64245476,"LUTEN, JESSE ",586871921,1002,H0019,,"PR-1, PR-2",04/01/2025,04/01/2025,04/01/2025,UNITED HEALTHCARE,UNITED HEALTHCARE,"$6,275.00",$385.25
1 SOLUTION WELLNESS LLC,1 SOLUTION WELLNESS LLC,03/18/2025,1 SOLUTION WELLNESS LLC,03/17/2025,03/17/2025,03/18/2025,64245578,"SMITH, SARAH ",586497008,1002,H0019,M16,,04/01/2025,04/01/2025,04/01/2025,CIGNA HEALTH PLANS,CIGNA HEALTH PLANS,"$6,275.00","$2,304.18"
1 SOLUTION WELLNESS LLC,1 SOLUTION WELLNESS LLC,03/31/2025,1 SOLUTION WELLNESS LLC,03/28/2025,03/28/2025,03/31/2025,64422160,"THOMPSON, TAINA ",588924080,0126,H0010,,,04/14/2025,04/14/2025,04/14/2025,ANTHEM BLUE CROSS CALIFORNIA,ANTHEM BLUE CROSS CALIFORNIA,"$6,775.00","$1,053.00"
1 SOLUTION WELLNESS LLC,1 SOLUTION WELLNESS LLC,03/12/2025,1 SOLUTION WELLNESS LLC,03/11/2025,03/11/2025,03/12/2025,64245621,"GIPSON, WILLIE ",585564981,0126,H0010,M16,"PR-1, PR-2",04/09/2025,04/09/2025,04/08/2025,CIGNA HEALTH PLANS,CIGNA HEALTH PLANS,"$6,775.00","$1,156.23"
1 SOLUTION WELLNESS LLC,1 SOLUTION WELLNESS LLC,03/12/2025,1 SOLUTION WELLNESS LLC,03/11/2025,03/11/2025,03/12/2025,64245578,"SMITH, SARAH ",585564781,0126,H0010,M16,PR-2,03/26/2025,03/26/2025,03/27/2025,CIGNA HEALTH PLANS,CIGNA HEALTH PLANS,"$6,775.00",$921.67
1 SOLUTION WELLNESS LLC,1 SOLUTION WELLNESS LLC,03/12/2025,1 SOLUTION WELLNESS LLC,03/11/2025,03/11/2025,03/12/2025,64245663,"LIPSCOMB, CYNTHIA ",585565330,1002,H0019,,PR-1,03/24/2025,03/24/2025,03/24/2025,ANTHEM BLUE CROSS CALIFORNIA,ANTHEM BLUE CROSS CALIFORNIA,"$6,275.00",$0.00
1 SOLUTION WELLNESS LLC,1 SOLUTION WELLNESS LLC,04/07/2025,1 SOLUTION WELLNESS LLC,04/06/2025,04/06/2025,04/07/2025,64422160,"THOMPSON, TAINA ",590309041,1002,H0019,,,04/21/2025,04/21/2025,04/21/2025,ANTHEM BLUE CROSS CALIFORNIA,ANTHEM BLUE CROSS CALIFORNIA,"$6,275.00",$894.00
1 SOLUTION WELLNESS LLC,1 SOLUTION WELLNESS LLC,03/10/2025,1 SOLUTION WELLNESS LLC,03/07/2025,03/07/2025,03/10/2025,64245578,"SMITH, SARAH ",585038713,0126,H0010,M16,"PR-1, PR-2",03/26/2025,03/26/2025,03/27/2025,CIGNA HEALTH PLANS,CIGNA HEALTH PLANS,"$6,775.00",$379.93
1 SOLUTION WELLNESS LLC,1 SOLUTION WELLNESS LLC,03/17/2025,1 SOLUTION WELLNESS LLC,03/15/2025,03/15/2025,03/17/2025,64245621,"GIPSON, WILLIE ",586345601,0126,H0010,M16,PR-2,04/11/2025,04/11/2025,04/11/2025,CIGNA HEALTH PLANS,CIGNA HEALTH PLANS,"$6,775.00","$2,414.38"
1 SOLUTION WELLNESS LLC,1 SOLUTION WELLNESS LLC,03/24/2025,1 SOLUTION WELLNESS LLC,03/23/2025,03/23/2025,03/24/2025,64245476,"LUTEN, JESSE ",587683500,1002,H0019,,PR-2,04/08/2025,04/08/2025,04/07/2025,UNITED HEALTHCARE,UNITED HEALTHCARE,"$6,275.00",$403.42
1 SOLUTION WELLNESS LLC,1 SOLUTION WELLNESS LLC,03/17/2025,1 SOLUTION WELLNESS LLC,03/16/2025,03/16/2025,03/18/2025,64245621,"GIPSON, WILLIE ",586348917,1002,H0019,M16,PR-2,04/09/2025,04/09/2025,04/08/2025,CIGNA HEALTH PLANS,CIGNA HEALTH PLANS,"$6,275.00","$1,209.70"
1 SOLUTION WELLNESS LLC,1 SOLUTION WELLNESS LLC,03/05/2025,1 SOLUTION WELLNESS LLC,03/04/2025,03/04/2025,03/06/2025,64179408,"JOHNSON, DENNIS ",584263020,1002,H0019,,,03/18/2025,03/18/2025,03/21/2025,UNITED HEALTHCARE,UNITED HEALTHCARE,"$6,275.00",$806.83
1 SOLUTION WELLNESS LLC,1 SOLUTION WELLNESS LLC,03/06/2025,1 SOLUTION WELLNESS LLC,03/05/2025,03/05/2025,03/07/2025,64179408,"JOHNSON, DENNIS ",584493270,1002,H0019,,,04/01/2025,04/01/2025,04/01/2025,UNITED HEALTHCARE,UNITED HEALTHCARE,"$6,275.00",$806.83
1 SOLUTION WELLNESS LLC,1 SOLUTION WELLNESS LLC,03/25/2025,1 SOLUTION WELLNESS LLC,03/24/2025,03/24/2025,03/25/2025,64245621,"GIPSON, WILLIE ",587834463,1002,H0019,M16,,04/18/2025,04/18/2025,04/18/2025,CIGNA HEALTH PLANS,CIGNA HEALTH PLANS,"$6,275.00","$2,419.39"
1 SOLUTION WELLNESS LLC,1 SOLUTION WELLNESS LLC,03/27/2025,1 SOLUTION WELLNESS LLC,03/26/2025,03/26/2025,03/27/2025,64422160,"THOMPSON, TAINA ",588348901,0126,H0010,,,04/14/2025,04/14/2025,04/14/2025,ANTHEM BLUE CROSS CALIFORNIA,ANTHEM BLUE CROSS CALIFORNIA,"$6,775.00","$1,053.00"
1 SOLUTION WELLNESS LLC,1 SOLUTION WELLNESS LLC,03/17/2025,1 SOLUTION WELLNESS LLC,03/16/2025,03/16/2025,03/17/2025,64245663,"LIPSCOMB, CYNTHIA ",586347114,1002,H0019,,PR-1,03/24/2025,03/24/2025,03/24/2025,ANTHEM BLUE CROSS CALIFORNIA,ANTHEM BLUE CROSS CALIFORNIA,"$6,275.00",$0.00
1 SOLUTION WELLNESS LLC,1 SOLUTION WELLNESS LLC,03/13/2025,1 SOLUTION WELLNESS LLC,03/12/2025,03/12/2025,03/13/2025,64245476,"LUTEN, JESSE ",585762387,0126,H0010,,PR-2,04/08/2025,04/08/2025,04/07/2025,UNITED HEALTHCARE,UNITED HEALTHCARE,"$6,775.00",$603.99
1 SOLUTION WELLNESS LLC,1 SOLUTION WELLNESS LLC,03/13/2025,1 SOLUTION WELLNESS LLC,03/12/2025,03/12/2025,03/13/2025,64245578,"SMITH, SARAH ",585763677,0126,H0010,M16,PR-1,03/24/2025,03/24/2025,03/24/2025,CIGNA HEALTH PLANS,CIGNA HEALTH PLANS,"$6,775.00",$0.00
1 SOLUTION WELLNESS LLC,1 SOLUTION WELLNESS LLC,03/10/2025,1 SOLUTION WELLNESS LLC,03/09/2025,03/09/2025,03/11/2025,64245476,"LUTEN, JESSE ",585037040,0126,H0010,,PR-2,04/01/2025,04/01/2025,04/01/2025,UNITED HEALTHCARE,UNITED HEALTHCARE,"$6,775.00",$603.99
1 SOLUTION WELLNESS LLC,1 SOLUTION WELLNESS LLC,03/20/2025,1 SOLUTION WELLNESS LLC,03/19/2025,03/19/2025,03/20/2025,64245663,"LIPSCOMB, CYNTHIA ",587112112,1002,H0019,,PR-1,04/18/2025,04/18/2025,04/18/2025,ANTHEM BLUE CROSS CALIFORNIA,ANTHEM BLUE CROSS CALIFORNIA,"$6,275.00",$0.00
1 SOLUTION WELLNESS LLC,1 SOLUTION WELLNESS LLC,03/20/2025,1 SOLUTION WELLNESS LLC,03/19/2025,03/19/2025,03/20/2025,64245578,"SMITH, SARAH ",587114768,1002,H0019,M16,,04/01/2025,04/01/2025,04/01/2025,CIGNA HEALTH PLANS,CIGNA HEALTH PLANS,"$6,275.00","$2,304.18"
1 SOLUTION WELLNESS LLC,1 SOLUTION WELLNESS LLC,03/20/2025,1 SOLUTION WELLNESS LLC,03/19/2025,03/19/2025,03/20/2025,64245476,"LUTEN, JESSE ",587113383,1002,H0019,,PR-2,04/01/2025,04/01/2025,04/01/2025,UNITED HEALTHCARE,UNITED HEALTHCARE,"$6,275.00",$403.42
1 SOLUTION WELLNESS LLC,1 SOLUTION WELLNESS LLC,03/04/2025,1 SOLUTION WELLNESS LLC,03/03/2025,03/03/2025,03/06/2025,64179693,"MCKOWN, CASSIDY ",584014178,1002,H0019,M16,,03/31/2025,03/31/2025,03/31/2025,CIGNA HEALTH PLANS,CIGNA HEALTH PLANS,"$6,275.00","$2,304.18"
1 SOLUTION WELLNESS LLC,1 SOLUTION WELLNESS LLC,03/04/2025,1 SOLUTION WELLNESS LLC,03/03/2025,03/03/2025,03/05/2025,64179408,"JOHNSON, DENNIS ",584010767,1002,H0019,,,03/18/2025,03/18/2025,03/21/2025,UNITED HEALTHCARE,UNITED HEALTHCARE,"$6,275.00",$824.92
1 SOLUTION WELLNESS LLC,1 SOLUTION WELLNESS LLC,03/10/2025,1 SOLUTION WELLNESS LLC,03/08/2025,03/08/2025,03/10/2025,64245578,"SMITH, SARAH ",585038850,0126,H0010,M16,PR-2,03/26/2025,03/26/2025,03/27/2025,CIGNA HEALTH PLANS,CIGNA HEALTH PLANS,"$6,775.00",$921.67
1 SOLUTION WELLNESS LLC,1 SOLUTION WELLNESS LLC,03/11/2025,1 SOLUTION WELLNESS LLC,03/10/2025,03/10/2025,03/11/2025,64245578,"SMITH, SARAH ",585321516,0126,H0010,M16,PR-1,03/24/2025,03/24/2025,03/24/2025,CIGNA HEALTH PLANS,CIGNA HEALTH PLANS,"$6,775.00",$0.00
1 SOLUTION WELLNESS LLC,1 SOLUTION WELLNESS LLC,03/10/2025,1 SOLUTION WELLNESS LLC,03/09/2025,03/09/2025,03/12/2025,64245621,"GIPSON, WILLIE ",585039426,0126,H0010,M16,PR-2,04/09/2025,04/09/2025,04/08/2025,CIGNA HEALTH PLANS,CIGNA HEALTH PLANS,"$6,775.00","$1,209.70"
1 SOLUTION WELLNESS LLC,1 SOLUTION WELLNESS LLC,03/06/2025,1 SOLUTION WELLNESS LLC,03/05/2025,03/05/2025,03/12/2025,64179663,"SANDERS, LARRY ",584493909,0126,H0010,,PR-2,04/14/2025,04/14/2025,04/14/2025,ANTHEM BLUE CROSS CALIFORNIA,ANTHEM BLUE CROSS CALIFORNIA,"$6,775.00","$2,852.87"
1 SOLUTION WELLNESS LLC,1 SOLUTION WELLNESS LLC,03/10/2025,1 SOLUTION WELLNESS LLC,03/07/2025,03/07/2025,03/11/2025,64245476,"LUTEN, JESSE ",585036934,0126,H0010,,PR-2,04/01/2025,04/01/2025,04/01/2025,UNITED HEALTHCARE,UNITED HEALTHCARE,"$6,775.00",$603.99
1 SOLUTION WELLNESS LLC,1 SOLUTION WELLNESS LLC,03/11/2025,1 SOLUTION WELLNESS LLC,03/10/2025,03/10/2025,03/11/2025,64245476,"LUTEN, JESSE ",585321934,0126,H0010,,PR-2,04/01/2025,04/01/2025,04/01/2025,UNITED HEALTHCARE,UNITED HEALTHCARE,"$6,775.00",$603.99
1 SOLUTION WELLNESS LLC,1 SOLUTION WELLNESS LLC,03/12/2025,1 SOLUTION WELLNESS LLC,03/11/2025,03/11/2025,03/12/2025,64245476,"LUTEN, JESSE ",585564338,0126,H0010,,PR-2,04/01/2025,04/01/2025,04/01/2025,UNITED HEALTHCARE,UNITED HEALTHCARE,"$6,775.00",$603.99
1 SOLUTION WELLNESS LLC,1 SOLUTION WELLNESS LLC,03/14/2025,1 SOLUTION WELLNESS LLC,03/13/2025,03/13/2025,03/14/2025,64245476,"LUTEN, JESSE ",585928985,0126,H0010,,PR-2,04/08/2025,04/08/2025,04/07/2025,UNITED HEALTHCARE,UNITED HEALTHCARE,"$6,775.00",$603.99
1 SOLUTION WELLNESS LLC,1 SOLUTION WELLNESS LLC,03/14/2025,1 SOLUTION WELLNESS LLC,03/13/2025,03/13/2025,03/14/2025,64245621,"GIPSON, WILLIE ",585930316,0126,H0010,M16,PR-2,04/11/2025,04/11/2025,04/11/2025,CIGNA HEALTH PLANS,CIGNA HEALTH PLANS,"$6,775.00","$1,209.70"
1 SOLUTION WELLNESS LLC,1 SOLUTION WELLNESS LLC,03/14/2025,1 SOLUTION WELLNESS LLC,03/13/2025,03/13/2025,03/14/2025,64245578,"SMITH, SARAH ",585929767,0126,H0010,M16,PR-2,03/26/2025,03/26/2025,03/27/2025,CIGNA HEALTH PLANS,CIGNA HEALTH PLANS,"$6,775.00","$1,021.60"
1 SOLUTION WELLNESS LLC,1 SOLUTION WELLNESS LLC,03/05/2025,1 SOLUTION WELLNESS LLC,03/04/2025,03/04/2025,03/06/2025,64179693,"MCKOWN, CASSIDY ",584264389,1002,H0019,M16,,03/31/2025,03/31/2025,03/31/2025,CIGNA HEALTH PLANS,CIGNA HEALTH PLANS,"$6,275.00","$2,304.18"
1 SOLUTION WELLNESS LLC,1 SOLUTION WELLNESS LLC,03/26/2025,1 SOLUTION WELLNESS LLC,03/25/2025,03/25/2025,03/26/2025,64245621,"GIPSON, WILLIE ",588118470,1002,H0019,M16,,04/21/2025,04/21/2025,04/21/2025,CIGNA HEALTH PLANS,CIGNA HEALTH PLANS,"$6,275.00","$2,419.39"
1 SOLUTION WELLNESS LLC,1 SOLUTION WELLNESS LLC,03/04/2025,1 SOLUTION WELLNESS LLC,03/03/2025,03/03/2025,03/12/2025,64179663,"SANDERS, LARRY ",584013254,0126,H0010,,PR-2,04/14/2025,04/14/2025,04/14/2025,ANTHEM BLUE CROSS CALIFORNIA,ANTHEM BLUE CROSS CALIFORNIA,"$6,775.00","$2,852.87"
1 SOLUTION WELLNESS LLC,1 SOLUTION WELLNESS LLC,03/07/2025,1 SOLUTION WELLNESS LLC,03/06/2025,03/06/2025,03/12/2025,64179663,"SANDERS, LARRY ",584674668,0126,H0010,,PR-2,04/14/2025,04/14/2025,04/14/2025,ANTHEM BLUE CROSS CALIFORNIA,ANTHEM BLUE CROSS CALIFORNIA,"$6,775.00","$2,852.87"
1 SOLUTION WELLNESS LLC,1 SOLUTION WELLNESS LLC,03/21/2025,1 SOLUTION WELLNESS LLC,03/20/2025,03/20/2025,03/21/2025,64245476,"LUTEN, JESSE ",587240138,1002,H0019,,PR-2,04/01/2025,04/01/2025,04/01/2025,UNITED HEALTHCARE,UNITED HEALTHCARE,"$6,275.00",$403.42
1 SOLUTION WELLNESS LLC,1 SOLUTION WELLNESS LLC,03/17/2025,1 SOLUTION WELLNESS LLC,03/15/2025,03/15/2025,03/17/2025,64245663,"LIPSCOMB, CYNTHIA ",586347065,1002,H0019,,PR-1,04/18/2025,04/18/2025,04/18/2025,ANTHEM BLUE CROSS CALIFORNIA,ANTHEM BLUE CROSS CALIFORNIA,"$6,275.00",$0.00
1 SOLUTION WELLNESS LLC,1 SOLUTION WELLNESS LLC,03/10/2025,1 SOLUTION WELLNESS LLC,03/09/2025,03/09/2025,03/10/2025,64245663,"LIPSCOMB, CYNTHIA ",585040403,1002,H0019,,PR-1,03/17/2025,03/17/2025,03/19/2025,ANTHEM BLUE CROSS CALIFORNIA,ANTHEM BLUE CROSS CALIFORNIA,"$6,275.00",$0.00
1 SOLUTION WELLNESS LLC,1 SOLUTION WELLNESS LLC,03/10/2025,1 SOLUTION WELLNESS LLC,03/08/2025,03/08/2025,03/10/2025,64245663,"LIPSCOMB, CYNTHIA ",585040350,1002,H0019,,PR-1,03/17/2025,03/17/2025,03/19/2025,ANTHEM BLUE CROSS CALIFORNIA,ANTHEM BLUE CROSS CALIFORNIA,"$6,275.00",$0.00
1 SOLUTION WELLNESS LLC,1 SOLUTION WELLNESS LLC,03/21/2025,1 SOLUTION WELLNESS LLC,03/20/2025,03/20/2025,03/21/2025,64245578,"SMITH, SARAH ",587239832,1002,H0019,M16,,04/01/2025,04/01/2025,04/01/2025,CIGNA HEALTH PLANS,CIGNA HEALTH PLANS,"$6,275.00","$2,304.18"
1 SOLUTION WELLNESS LLC,1 SOLUTION WELLNESS LLC,03/11/2025,1 SOLUTION WELLNESS LLC,03/10/2025,03/10/2025,03/12/2025,64245621,"GIPSON, WILLIE ",585322558,0126,H0010,M16,PR-1,04/07/2025,04/07/2025,04/07/2025,CIGNA HEALTH PLANS,CIGNA HEALTH PLANS,"$6,775.00",$0.00
1 SOLUTION WELLNESS LLC,1 SOLUTION WELLNESS LLC,03/18/2025,1 SOLUTION WELLNESS LLC,03/17/2025,03/17/2025,03/18/2025,64245663,"LIPSCOMB, CYNTHIA ",586495726,1002,H0019,,PR-1,03/31/2025,03/31/2025,03/31/2025,ANTHEM BLUE CROSS CALIFORNIA,ANTHEM BLUE CROSS CALIFORNIA,"$6,275.00",$0.00
1 SOLUTION WELLNESS LLC,1 SOLUTION WELLNESS LLC,03/28/2025,1 SOLUTION WELLNESS LLC,03/27/2025,03/27/2025,03/28/2025,64422160,"THOMPSON, TAINA ",588619166,0126,H0010,,,04/14/2025,04/14/2025,04/14/2025,ANTHEM BLUE CROSS CALIFORNIA,ANTHEM BLUE CROSS CALIFORNIA,"$6,775.00","$1,053.00"
1 SOLUTION WELLNESS LLC,1 SOLUTION WELLNESS LLC,04/10/2025,1 SOLUTION WELLNESS LLC,04/09/2025,04/09/2025,04/10/2025,64422160,"THOMPSON, TAINA ",591082149,1002,H0019,,,04/21/2025,04/21/2025,04/21/2025,ANTHEM BLUE CROSS CALIFORNIA,ANTHEM BLUE CROSS CALIFORNIA,"$6,275.00",$894.00
1 SOLUTION WELLNESS LLC,1 SOLUTION WELLNESS LLC,04/04/2025,1 SOLUTION WELLNESS LLC,04/03/2025,04/03/2025,04/04/2025,64422160,"THOMPSON, TAINA ",589858468,1002,H0019,,PR-1,04/18/2025,04/18/2025,04/21/2025,ANTHEM BLUE CROSS CALIFORNIA,ANTHEM BLUE CROSS CALIFORNIA,"$6,275.00",$0.00
1 SOLUTION WELLNESS LLC,1 SOLUTION WELLNESS LLC,03/24/2025,1 SOLUTION WELLNESS LLC,03/21/2025,03/21/2025,03/24/2025,64245578,"SMITH, SARAH ",587683237,1002,H0019,M16,,04/09/2025,04/09/2025,04/08/2025,CIGNA HEALTH PLANS,CIGNA HEALTH PLANS,"$6,275.00","$2,304.18"
1 SOLUTION WELLNESS LLC,1 SOLUTION WELLNESS LLC,03/25/2025,1 SOLUTION WELLNESS LLC,03/24/2025,03/24/2025,03/26/2025,64422160,"THOMPSON, TAINA ",587829042,0126,H0010,,"PR-1, PR-3",04/07/2025,04/07/2025,04/07/2025,ANTHEM BLUE CROSS CALIFORNIA,ANTHEM BLUE CROSS CALIFORNIA,"$6,775.00",$56.73
1 SOLUTION WELLNESS LLC,1 SOLUTION WELLNESS LLC,03/17/2025,1 SOLUTION WELLNESS LLC,03/14/2025,03/14/2025,03/17/2025,64245621,"GIPSON, WILLIE ",586345432,0126,H0010,M16,PR-2,04/11/2025,04/11/2025,04/11/2025,CIGNA HEALTH PLANS,CIGNA HEALTH PLANS,"$6,775.00","$1,209.70"
1 SOLUTION WELLNESS LLC,1 SOLUTION WELLNESS LLC,03/13/2025,1 SOLUTION WELLNESS LLC,03/12/2025,03/12/2025,03/13/2025,64245621,"GIPSON, WILLIE ",585763875,0126,H0010,M16,,04/11/2025,04/11/2025,04/11/2025,CIGNA HEALTH PLANS,CIGNA HEALTH PLANS,"$6,775.00","$2,419.39"
1 SOLUTION WELLNESS LLC,1 SOLUTION WELLNESS LLC,03/18/2025,1 SOLUTION WELLNESS LLC,03/17/2025,03/17/2025,03/18/2025,64245621,"GIPSON, WILLIE ",586497407,1002,H0019,M16,,04/14/2025,04/11/2025,04/11/2025,CIGNA HEALTH PLANS,CIGNA HEALTH PLANS,"$6,275.00","$2,419.39"
1 SOLUTION WELLNESS LLC,1 SOLUTION WELLNESS LLC,04/03/2025,1 SOLUTION WELLNESS LLC,04/02/2025,04/02/2025,04/03/2025,64422160,"THOMPSON, TAINA ",589620012,1002,H0019,,PR-1,04/14/2025,04/14/2025,04/14/2025,ANTHEM BLUE CROSS CALIFORNIA,ANTHEM BLUE CROSS CALIFORNIA,"$6,275.00",$0.00
1 SOLUTION WELLNESS LLC,1 SOLUTION WELLNESS LLC,03/17/2025,1 SOLUTION WELLNESS LLC,03/14/2025,03/14/2025,03/17/2025,64245578,"SMITH, SARAH ",586348537,1002,H0019,M16,,04/01/2025,04/01/2025,04/01/2025,CIGNA HEALTH PLANS,CIGNA HEALTH PLANS,"$6,275.00","$2,304.18"
1 SOLUTION WELLNESS LLC,1 SOLUTION WELLNESS LLC,03/17/2025,1 SOLUTION WELLNESS LLC,03/16/2025,03/16/2025,03/17/2025,64245578,"SMITH, SARAH ",586348667,1002,H0019,M16,,04/01/2025,04/01/2025,04/01/2025,CIGNA HEALTH PLANS,CIGNA HEALTH PLANS,"$6,275.00","$2,304.18"
1 SOLUTION WELLNESS LLC,1 SOLUTION WELLNESS LLC,03/19/2025,1 SOLUTION WELLNESS LLC,03/18/2025,03/18/2025,03/19/2025,64245578,"SMITH, SARAH ",586873068,1002,H0019,M16,,04/01/2025,04/01/2025,04/01/2025,CIGNA HEALTH PLANS,CIGNA HEALTH PLANS,"$6,275.00","$2,304.18"
1 SOLUTION WELLNESS LLC,1 SOLUTION WELLNESS LLC,03/24/2025,1 SOLUTION WELLNESS LLC,03/23/2025,03/23/2025,03/24/2025,64245578,"SMITH, SARAH ",587683292,1002,H0019,M16,,04/09/2025,04/09/2025,04/08/2025,CIGNA HEALTH PLANS,CIGNA HEALTH PLANS,"$6,275.00","$2,304.18"
1 SOLUTION WELLNESS LLC,1 SOLUTION WELLNESS LLC,03/24/2025,1 SOLUTION WELLNESS LLC,03/22/2025,03/22/2025,03/24/2025,64245578,"SMITH, SARAH ",587683257,1002,H0019,M16,,04/09/2025,04/09/2025,04/08/2025,CIGNA HEALTH PLANS,CIGNA HEALTH PLANS,"$6,275.00","$2,304.18"
1 SOLUTION WELLNESS LLC,1 SOLUTION WELLNESS LLC,04/07/2025,1 SOLUTION WELLNESS LLC,04/05/2025,04/05/2025,04/07/2025,64422160,"THOMPSON, TAINA ",590308896,1002,H0019,,PR-1,04/21/2025,04/21/2025,04/21/2025,ANTHEM BLUE CROSS CALIFORNIA,ANTHEM BLUE CROSS CALIFORNIA,"$6,275.00",$623.14
1 SOLUTION WELLNESS LLC,1 SOLUTION WELLNESS LLC,03/24/2025,1 SOLUTION WELLNESS LLC,03/23/2025,03/23/2025,03/24/2025,64245663,"LIPSCOMB, CYNTHIA ",587682815,1002,H0019,,"PR-1, PR-3",03/31/2025,03/31/2025,03/31/2025,ANTHEM BLUE CROSS CALIFORNIA,ANTHEM BLUE CROSS CALIFORNIA,"$6,275.00",$0.00
1 SOLUTION WELLNESS LLC,1 SOLUTION WELLNESS LLC,03/24/2025,1 SOLUTION WELLNESS LLC,03/22/2025,03/22/2025,03/24/2025,64245663,"LIPSCOMB, CYNTHIA ",587682804,1002,H0019,,"PR-1, PR-3",03/31/2025,03/31/2025,03/31/2025,ANTHEM BLUE CROSS CALIFORNIA,ANTHEM BLUE CROSS CALIFORNIA,"$6,275.00",$0.00
1 SOLUTION WELLNESS LLC,1 SOLUTION WELLNESS LLC,03/17/2025,1 SOLUTION WELLNESS LLC,03/14/2025,03/14/2025,03/17/2025,64245663,"LIPSCOMB, CYNTHIA ",586347034,1002,H0019,,PR-1,03/24/2025,03/24/2025,03/24/2025,ANTHEM BLUE CROSS CALIFORNIA,ANTHEM BLUE CROSS CALIFORNIA,"$6,275.00",$0.00
