instance_key,customer_account,customer_name,report_name,report_id,run_http_status,run_api_status,identifier,run_status_message,run_retries,db_updated,fetch_http_status,fetch_api_status,fetch_status_message,fetch_retries,rows_fetched,file_written
enhance_health,10028395,CK FAMILY THERAPY,AR_AGING,10078378,200,SUCCESS,14502667,Your report has been started. Use the provided identifier to see if the report is finished and retrieve the results.,0,TRUE,200,SUCCESS,Results successfully retrieved.,0,15583,TRUE
vantage,10031998,1 SOLUTION WELLNESS,AR_AGING,10062054,200,SUCCESS,14502668,Your report has been started. Use the provided identifier to see if the report is finished and retrieve the results.,0,TRUE,200,SUCCESS,Results successfully retrieved.,0,2333,TRUE
vantage,10032271,AMITY SAN DIEGO,AR_AGING,10062054,200,SUCCESS,14502677,Your report has been started. Use the provided identifier to see if the report is finished and retrieve the results.,1,TRUE,200,SUCCESS,Results successfully retrieved.,0,2447,TRUE
enhance_health,10026936,EDEN BY ENHANCE,AR_AGING,10078378,200,SUCCESS,14502682,Your report has been started. Use the provided identifier to see if the report is finished and retrieve the results.,2,TRUE,200,SUCCESS,Results successfully retrieved.,0,4252,TRUE
vantage,10032272,NORTHRIDGE ADDICTION TREATMENT CENTERS,AR_AGING,10062054,200,SUCCESS,14502683,Your report has been started. Use the provided identifier to see if the report is finished and retrieve the results.,1,TRUE,200,SUCCESS,Results successfully retrieved.,0,278,TRUE
enhance_health,10026716,"EMBRACE TREATMENT, LLC",AR_AGING,10078378,200,SUCCESS,14502690,Your report has been started. Use the provided identifier to see if the report is finished and retrieve the results.,1,TRUE,200,SUCCESS,Results successfully retrieved.,0,5363,TRUE
vantage,10034661,PASSAGE TO RECOVERY,AR_AGING,10062054,200,SUCCESS,14502692,Your report has been started. Use the provided identifier to see if the report is finished and retrieve the results.,1,TRUE,200,SUCCESS,Results successfully retrieved.,0,696,TRUE
enhance_health,10023994,"ENHANCE HEALTH GROUP, LLC",AR_AGING,10078378,200,SUCCESS,14502697,Your report has been started. Use the provided identifier to see if the report is finished and retrieve the results.,1,TRUE,200,SUCCESS,Results successfully retrieved.,0,82577,TRUE
vantage,10034812,SAN DIEGO WELLNESS,AR_AGING,10062054,200,SUCCESS,14502698,Your report has been started. Use the provided identifier to see if the report is finished and retrieve the results.,1,TRUE,200,SUCCESS,Results successfully retrieved.,0,539,TRUE
vantage,10034187,THE TRINITY WELLNESS GROUP,AR_AGING,10062054,200,SUCCESS,14502705,Your report has been started. Use the provided identifier to see if the report is finished and retrieve the results.,1,TRUE,200,SUCCESS,Results successfully retrieved.,0,651,TRUE
vantage,10032876,AMITY PALM BEACH,AR_AGING,10062054,200,SUCCESS,14502713,Your report has been started. Use the provided identifier to see if the report is finished and retrieve the results.,1,TRUE,200,SUCCESS,Results successfully retrieved.,0,2008,TRUE
vantage,10035136,LIAH WELLNESS CENTER LLC,AR_AGING,10062054,200,SUCCESS,14502718,Your report has been started. Use the provided identifier to see if the report is finished and retrieve the results.,1,TRUE,200,SUCCESS,Results successfully retrieved.,0,409,TRUE
vantage,10035138,LIAH WELLNESS SERVICES PLLC,AR_AGING,10062054,200,SUCCESS,14502724,Your report has been started. Use the provided identifier to see if the report is finished and retrieve the results.,1,TRUE,200,NO_DATA,"The report completed successfully, but no records were found matching the criteria used.",0,0,TRUE
vantage,10035139,THE BRIDGES OF HOUSTON LLC,AR_AGING,10062054,200,SUCCESS,14502725,Your report has been started. Use the provided identifier to see if the report is finished and retrieve the results.,0,TRUE,200,SUCCESS,Results successfully retrieved.,0,379,TRUE
vantage,10031998,1 SOLUTION WELLNESS,CHARGES_ON_HOLD,10083396,200,SUCCESS,14502730,Your report has been started. Use the provided identifier to see if the report is finished and retrieve the results.,1,TRUE,200,SUCCESS,Results successfully retrieved.,0,5131,TRUE
vantage,10032271,AMITY SAN DIEGO,CHARGES_ON_HOLD,10083396,200,SUCCESS,14502753,Your report has been started. Use the provided identifier to see if the report is finished and retrieve the results.,3,TRUE,200,SUCCESS,Results successfully retrieved.,0,5027,TRUE
enhance_health,10026559,10026559,AR_AGING,10078378,200,SUCCESS,14502760,Your report has been started. Use the provided identifier to see if the report is finished and retrieve the results.,10,TRUE,200,SUCCESS,Results successfully retrieved.,0,8399,TRUE
enhance_health,10028395,CK FAMILY THERAPY,GROSS_BILLING,10078486,200,SUCCESS,14502763,Your report has been started. Use the provided identifier to see if the report is finished and retrieve the results.,1,TRUE,200,SUCCESS,Results successfully retrieved.,0,15184,TRUE
vantage,10032272,NORTHRIDGE ADDICTION TREATMENT CENTERS,CHARGES_ON_HOLD,10083396,200,SUCCESS,14502767,Your report has been started. Use the provided identifier to see if the report is finished and retrieve the results.,3,TRUE,200,SUCCESS,Results successfully retrieved.,0,605,TRUE
vantage,10034661,PASSAGE TO RECOVERY,CHARGES_ON_HOLD,10083396,200,SUCCESS,14502770,Your report has been started. Use the provided identifier to see if the report is finished and retrieve the results.,1,TRUE,200,SUCCESS,Results successfully retrieved.,0,1208,TRUE
vantage,10034812,SAN DIEGO WELLNESS,CHARGES_ON_HOLD,10083396,200,SUCCESS,14502773,Your report has been started. Use the provided identifier to see if the report is finished and retrieve the results.,1,TRUE,200,SUCCESS,Results successfully retrieved.,0,774,TRUE
enhance_health,10026936,EDEN BY ENHANCE,GROSS_BILLING,10078486,200,SUCCESS,14502774,Your report has been started. Use the provided identifier to see if the report is finished and retrieve the results.,3,TRUE,200,SUCCESS,Results successfully retrieved.,0,4095,TRUE
vantage,10034187,THE TRINITY WELLNESS GROUP,CHARGES_ON_HOLD,10083396,200,SUCCESS,14502778,Your report has been started. Use the provided identifier to see if the report is finished and retrieve the results.,1,TRUE,200,SUCCESS,Results successfully retrieved.,0,1166,TRUE
enhance_health,10026716,"EMBRACE TREATMENT, LLC",GROSS_BILLING,10078486,200,SUCCESS,14502780,Your report has been started. Use the provided identifier to see if the report is finished and retrieve the results.,1,TRUE,200,SUCCESS,Results successfully retrieved.,0,5273,TRUE
vantage,10032876,AMITY PALM BEACH,CHARGES_ON_HOLD,10083396,200,SUCCESS,14502784,Your report has been started. Use the provided identifier to see if the report is finished and retrieve the results.,1,TRUE,200,SUCCESS,Results successfully retrieved.,0,3916,TRUE
enhance_health,10023994,"ENHANCE HEALTH GROUP, LLC",GROSS_BILLING,10078486,200,SUCCESS,14502786,Your report has been started. Use the provided identifier to see if the report is finished and retrieve the results.,1,TRUE,200,SUCCESS,Results successfully retrieved.,0,81898,TRUE
vantage,10035136,LIAH WELLNESS CENTER LLC,CHARGES_ON_HOLD,10083396,200,SUCCESS,14502792,Your report has been started. Use the provided identifier to see if the report is finished and retrieve the results.,2,TRUE,200,SUCCESS,Results successfully retrieved.,0,800,TRUE
vantage,10035138,LIAH WELLNESS SERVICES PLLC,CHARGES_ON_HOLD,10083396,200,SUCCESS,14502798,Your report has been started. Use the provided identifier to see if the report is finished and retrieve the results.,1,TRUE,200,NO_DATA,"The report completed successfully, but no records were found matching the criteria used.",0,0,TRUE
vantage,10035139,THE BRIDGES OF HOUSTON LLC,CHARGES_ON_HOLD,10083396,200,SUCCESS,14502799,Your report has been started. Use the provided identifier to see if the report is finished and retrieve the results.,0,TRUE,200,SUCCESS,Results successfully retrieved.,0,737,TRUE
vantage,10031998,1 SOLUTION WELLNESS,CLAIM_STAGE_BREAKDOWN,10062056,200,SUCCESS,14502803,Your report has been started. Use the provided identifier to see if the report is finished and retrieve the results.,1,TRUE,200,SUCCESS,Results successfully retrieved.,0,2333,TRUE
vantage,10032271,AMITY SAN DIEGO,CLAIM_STAGE_BREAKDOWN,10062056,200,SUCCESS,14502809,Your report has been started. Use the provided identifier to see if the report is finished and retrieve the results.,1,TRUE,200,SUCCESS,Results successfully retrieved.,0,2447,TRUE
vantage,10032272,NORTHRIDGE ADDICTION TREATMENT CENTERS,CLAIM_STAGE_BREAKDOWN,10062056,200,SUCCESS,14502814,Your report has been started. Use the provided identifier to see if the report is finished and retrieve the results.,1,TRUE,200,SUCCESS,Results successfully retrieved.,0,278,TRUE
vantage,10034661,PASSAGE TO RECOVERY,CLAIM_STAGE_BREAKDOWN,10062056,200,SUCCESS,14502815,Your report has been started. Use the provided identifier to see if the report is finished and retrieve the results.,0,TRUE,200,SUCCESS,Results successfully retrieved.,0,696,TRUE
vantage,10034812,SAN DIEGO WELLNESS,CLAIM_STAGE_BREAKDOWN,10062056,200,SUCCESS,14502816,Your report has been started. Use the provided identifier to see if the report is finished and retrieve the results.,0,TRUE,200,SUCCESS,Results successfully retrieved.,0,539,TRUE
vantage,10034187,THE TRINITY WELLNESS GROUP,CLAIM_STAGE_BREAKDOWN,10062056,200,SUCCESS,14502817,Your report has been started. Use the provided identifier to see if the report is finished and retrieve the results.,0,TRUE,200,SUCCESS,Results successfully retrieved.,0,651,TRUE
vantage,10032876,AMITY PALM BEACH,CLAIM_STAGE_BREAKDOWN,10062056,200,SUCCESS,14502818,Your report has been started. Use the provided identifier to see if the report is finished and retrieve the results.,0,TRUE,200,SUCCESS,Results successfully retrieved.,0,2008,TRUE
vantage,10035136,LIAH WELLNESS CENTER LLC,CLAIM_STAGE_BREAKDOWN,10062056,200,SUCCESS,14502822,Your report has been started. Use the provided identifier to see if the report is finished and retrieve the results.,1,TRUE,200,SUCCESS,Results successfully retrieved.,0,409,TRUE
vantage,10035138,LIAH WELLNESS SERVICES PLLC,CLAIM_STAGE_BREAKDOWN,10062056,200,SUCCESS,14502824,Your report has been started. Use the provided identifier to see if the report is finished and retrieve the results.,0,TRUE,200,NO_DATA,"The report completed successfully, but no records were found matching the criteria used.",0,0,TRUE
vantage,10035139,THE BRIDGES OF HOUSTON LLC,CLAIM_STAGE_BREAKDOWN,10062056,200,SUCCESS,14502825,Your report has been started. Use the provided identifier to see if the report is finished and retrieve the results.,0,TRUE,200,SUCCESS,Results successfully retrieved.,0,379,TRUE
vantage,10031998,1 SOLUTION WELLNESS,DENIAL_TRENDS,10062057,200,SUCCESS,14502826,Your report has been started. Use the provided identifier to see if the report is finished and retrieve the results.,0,TRUE,200,SUCCESS,Results successfully retrieved.,0,5474,TRUE
enhance_health,10026559,10026559,GROSS_BILLING,10078486,200,SUCCESS,14502837,Your report has been started. Use the provided identifier to see if the report is finished and retrieve the results.,9,TRUE,200,SUCCESS,Results successfully retrieved.,0,8311,TRUE
vantage,10032271,AMITY SAN DIEGO,DENIAL_TRENDS,10062057,200,SUCCESS,14502848,Your report has been started. Use the provided identifier to see if the report is finished and retrieve the results.,2,TRUE,200,SUCCESS,Results successfully retrieved.,0,4649,TRUE
enhance_health,10028395,CK FAMILY THERAPY,CHARGES_ON_HOLD,10078375,200,SUCCESS,14502850,Your report has been started. Use the provided identifier to see if the report is finished and retrieve the results.,1,TRUE,200,SUCCESS,Results successfully retrieved.,0,15184,TRUE
vantage,10032272,NORTHRIDGE ADDICTION TREATMENT CENTERS,DENIAL_TRENDS,10062057,200,SUCCESS,14502857,Your report has been started. Use the provided identifier to see if the report is finished and retrieve the results.,2,TRUE,200,SUCCESS,Results successfully retrieved.,0,575,TRUE
enhance_health,10026936,EDEN BY ENHANCE,CHARGES_ON_HOLD,10078375,200,SUCCESS,14502858,Your report has been started. Use the provided identifier to see if the report is finished and retrieve the results.,2,TRUE,200,SUCCESS,Results successfully retrieved.,0,4095,TRUE
vantage,10034661,PASSAGE TO RECOVERY,DENIAL_TRENDS,10062057,200,SUCCESS,14502859,Your report has been started. Use the provided identifier to see if the report is finished and retrieve the results.,0,TRUE,200,SUCCESS,Results successfully retrieved.,0,674,TRUE
vantage,10034812,SAN DIEGO WELLNESS,DENIAL_TRENDS,10062057,200,SUCCESS,14502860,Your report has been started. Use the provided identifier to see if the report is finished and retrieve the results.,0,TRUE,200,SUCCESS,Results successfully retrieved.,0,303,TRUE
vantage,10034187,THE TRINITY WELLNESS GROUP,DENIAL_TRENDS,10062057,200,SUCCESS,14502862,Your report has been started. Use the provided identifier to see if the report is finished and retrieve the results.,0,TRUE,200,SUCCESS,Results successfully retrieved.,0,612,TRUE
vantage,10032876,AMITY PALM BEACH,DENIAL_TRENDS,10062057,200,SUCCESS,14502863,Your report has been started. Use the provided identifier to see if the report is finished and retrieve the results.,0,TRUE,200,SUCCESS,Results successfully retrieved.,0,3330,TRUE
enhance_health,10026716,"EMBRACE TREATMENT, LLC",CHARGES_ON_HOLD,10078375,200,SUCCESS,14502867,Your report has been started. Use the provided identifier to see if the report is finished and retrieve the results.,1,TRUE,200,SUCCESS,Results successfully retrieved.,0,5273,TRUE
vantage,10035136,LIAH WELLNESS CENTER LLC,DENIAL_TRENDS,10062057,200,SUCCESS,14502868,Your report has been started. Use the provided identifier to see if the report is finished and retrieve the results.,1,TRUE,200,SUCCESS,Results successfully retrieved.,0,188,TRUE
vantage,10035138,LIAH WELLNESS SERVICES PLLC,DENIAL_TRENDS,10062057,200,SUCCESS,14502870,Your report has been started. Use the provided identifier to see if the report is finished and retrieve the results.,0,TRUE,200,NO_DATA,"The report completed successfully, but no records were found matching the criteria used.",0,0,TRUE
vantage,10035139,THE BRIDGES OF HOUSTON LLC,DENIAL_TRENDS,10062057,200,SUCCESS,14502871,Your report has been started. Use the provided identifier to see if the report is finished and retrieve the results.,0,TRUE,200,SUCCESS,Results successfully retrieved.,0,403,TRUE
vantage,10031998,1 SOLUTION WELLNESS,GROSS_BILLING,10062059,200,SUCCESS,14502873,Your report has been started. Use the provided identifier to see if the report is finished and retrieve the results.,0,TRUE,200,SUCCESS,Results successfully retrieved.,0,5169,TRUE
enhance_health,10023994,"ENHANCE HEALTH GROUP, LLC",CHARGES_ON_HOLD,10078375,200,SUCCESS,14502878,Your report has been started. Use the provided identifier to see if the report is finished and retrieve the results.,1,TRUE,200,SUCCESS,Results successfully retrieved.,0,81898,TRUE
vantage,10032271,AMITY SAN DIEGO,GROSS_BILLING,10062059,200,SUCCESS,14502879,Your report has been started. Use the provided identifier to see if the report is finished and retrieve the results.,1,TRUE,200,SUCCESS,Results successfully retrieved.,0,5105,TRUE
vantage,10032272,NORTHRIDGE ADDICTION TREATMENT CENTERS,GROSS_BILLING,10062059,200,SUCCESS,14502888,Your report has been started. Use the provided identifier to see if the report is finished and retrieve the results.,1,TRUE,200,SUCCESS,Results successfully retrieved.,0,605,TRUE
vantage,10034661,PASSAGE TO RECOVERY,GROSS_BILLING,10062059,200,SUCCESS,14502890,Your report has been started. Use the provided identifier to see if the report is finished and retrieve the results.,0,TRUE,200,SUCCESS,Results successfully retrieved.,0,1208,TRUE
vantage,10034812,SAN DIEGO WELLNESS,GROSS_BILLING,10062059,200,SUCCESS,14502892,Your report has been started. Use the provided identifier to see if the report is finished and retrieve the results.,0,TRUE,200,SUCCESS,Results successfully retrieved.,0,774,TRUE
vantage,10034187,THE TRINITY WELLNESS GROUP,GROSS_BILLING,10062059,200,SUCCESS,14502894,Your report has been started. Use the provided identifier to see if the report is finished and retrieve the results.,0,TRUE,200,SUCCESS,Results successfully retrieved.,0,1166,TRUE
vantage,10032876,AMITY PALM BEACH,GROSS_BILLING,10062059,200,SUCCESS,14502895,Your report has been started. Use the provided identifier to see if the report is finished and retrieve the results.,0,TRUE,200,SUCCESS,Results successfully retrieved.,0,3916,TRUE
vantage,10035136,LIAH WELLNESS CENTER LLC,GROSS_BILLING,10062059,200,SUCCESS,14502905,Your report has been started. Use the provided identifier to see if the report is finished and retrieve the results.,1,TRUE,200,SUCCESS,Results successfully retrieved.,0,800,TRUE
vantage,10035138,LIAH WELLNESS SERVICES PLLC,GROSS_BILLING,10062059,200,SUCCESS,14502908,Your report has been started. Use the provided identifier to see if the report is finished and retrieve the results.,0,TRUE,200,NO_DATA,"The report completed successfully, but no records were found matching the criteria used.",0,0,TRUE
vantage,10035139,THE BRIDGES OF HOUSTON LLC,GROSS_BILLING,10062059,200,SUCCESS,14502909,Your report has been started. Use the provided identifier to see if the report is finished and retrieve the results.,0,TRUE,200,SUCCESS,Results successfully retrieved.,0,737,TRUE
vantage,10031998,1 SOLUTION WELLNESS,PAYMENT_TREND,10062060,200,SUCCESS,14502910,Your report has been started. Use the provided identifier to see if the report is finished and retrieve the results.,0,TRUE,200,SUCCESS,Results successfully retrieved.,0,27052,TRUE
vantage,10032271,AMITY SAN DIEGO,PAYMENT_TREND,10062060,200,SUCCESS,14502915,Your report has been started. Use the provided identifier to see if the report is finished and retrieve the results.,1,TRUE,200,SUCCESS,Results successfully retrieved.,0,19879,TRUE
enhance_health,10026559,10026559,CHARGES_ON_HOLD,10078375,200,SUCCESS,14502920,Your report has been started. Use the provided identifier to see if the report is finished and retrieve the results.,5,TRUE,200,SUCCESS,Results successfully retrieved.,0,8311,TRUE
vantage,10032272,NORTHRIDGE ADDICTION TREATMENT CENTERS,PAYMENT_TREND,10062060,200,SUCCESS,14502924,Your report has been started. Use the provided identifier to see if the report is finished and retrieve the results.,1,TRUE,200,SUCCESS,Results successfully retrieved.,0,2463,TRUE
vantage,10034661,PASSAGE TO RECOVERY,PAYMENT_TREND,10062060,200,SUCCESS,14502926,Your report has been started. Use the provided identifier to see if the report is finished and retrieve the results.,0,TRUE,200,SUCCESS,Results successfully retrieved.,0,3727,TRUE
vantage,10034812,SAN DIEGO WELLNESS,PAYMENT_TREND,10062060,200,SUCCESS,14502928,Your report has been started. Use the provided identifier to see if the report is finished and retrieve the results.,0,TRUE,200,SUCCESS,Results successfully retrieved.,0,1435,TRUE
vantage,10034187,THE TRINITY WELLNESS GROUP,PAYMENT_TREND,10062060,200,SUCCESS,14502930,Your report has been started. Use the provided identifier to see if the report is finished and retrieve the results.,0,TRUE,200,SUCCESS,Results successfully retrieved.,0,3072,TRUE
vantage,10032876,AMITY PALM BEACH,PAYMENT_TREND,10062060,200,SUCCESS,14502931,Your report has been started. Use the provided identifier to see if the report is finished and retrieve the results.,0,TRUE,200,SUCCESS,Results successfully retrieved.,0,18492,TRUE
enhance_health,10028395,CK FAMILY THERAPY,CLAIM_STAGE_BREAKDOWN,10078446,200,SUCCESS,14502934,Your report has been started. Use the provided identifier to see if the report is finished and retrieve the results.,1,TRUE,200,SUCCESS,Results successfully retrieved.,0,5560,TRUE
vantage,10035136,LIAH WELLNESS CENTER LLC,PAYMENT_TREND,10062060,200,SUCCESS,14502941,Your report has been started. Use the provided identifier to see if the report is finished and retrieve the results.,1,TRUE,200,SUCCESS,Results successfully retrieved.,0,1636,TRUE
vantage,10035138,LIAH WELLNESS SERVICES PLLC,PAYMENT_TREND,10062060,200,SUCCESS,14502942,Your report has been started. Use the provided identifier to see if the report is finished and retrieve the results.,0,TRUE,200,NO_DATA,"The report completed successfully, but no records were found matching the criteria used.",0,0,TRUE
vantage,10035139,THE BRIDGES OF HOUSTON LLC,PAYMENT_TREND,10062060,200,SUCCESS,14502943,Your report has been started. Use the provided identifier to see if the report is finished and retrieve the results.,0,TRUE,200,SUCCESS,Results successfully retrieved.,0,1392,TRUE
enhance_health,10026936,EDEN BY ENHANCE,CLAIM_STAGE_BREAKDOWN,10078446,200,SUCCESS,14502945,Your report has been started. Use the provided identifier to see if the report is finished and retrieve the results.,1,TRUE,200,SUCCESS,Results successfully retrieved.,0,584,TRUE
enhance_health,10026716,"EMBRACE TREATMENT, LLC",CLAIM_STAGE_BREAKDOWN,10078446,200,SUCCESS,14502946,Your report has been started. Use the provided identifier to see if the report is finished and retrieve the results.,0,TRUE,200,SUCCESS,Results successfully retrieved.,0,1112,TRUE
vantage,10031998,1 SOLUTION WELLNESS,QUADRANT_PERFORMANCE,10062061,200,SUCCESS,14502950,Your report has been started. Use the provided identifier to see if the report is finished and retrieve the results.,1,TRUE,200,SUCCESS,Results successfully retrieved.,0,27052,TRUE
enhance_health,10023994,"ENHANCE HEALTH GROUP, LLC",CLAIM_STAGE_BREAKDOWN,10078446,200,SUCCESS,14502951,Your report has been started. Use the provided identifier to see if the report is finished and retrieve the results.,1,TRUE,200,SUCCESS,Results successfully retrieved.,0,21574,TRUE
vantage,10032271,AMITY SAN DIEGO,QUADRANT_PERFORMANCE,10062061,200,SUCCESS,14502956,Your report has been started. Use the provided identifier to see if the report is finished and retrieve the results.,1,TRUE,200,SUCCESS,Results successfully retrieved.,0,19879,TRUE
vantage,10032272,NORTHRIDGE ADDICTION TREATMENT CENTERS,QUADRANT_PERFORMANCE,10062061,200,SUCCESS,14502959,Your report has been started. Use the provided identifier to see if the report is finished and retrieve the results.,1,TRUE,200,SUCCESS,Results successfully retrieved.,0,2463,TRUE
enhance_health,10026559,10026559,CLAIM_STAGE_BREAKDOWN,10078446,200,SUCCESS,14502961,Your report has been started. Use the provided identifier to see if the report is finished and retrieve the results.,2,TRUE,200,SUCCESS,Results successfully retrieved.,0,4079,TRUE
vantage,10034661,PASSAGE TO RECOVERY,QUADRANT_PERFORMANCE,10062061,200,SUCCESS,14502962,Your report has been started. Use the provided identifier to see if the report is finished and retrieve the results.,0,TRUE,200,SUCCESS,Results successfully retrieved.,0,3727,TRUE
vantage,10034812,SAN DIEGO WELLNESS,QUADRANT_PERFORMANCE,10062061,200,SUCCESS,14502965,Your report has been started. Use the provided identifier to see if the report is finished and retrieve the results.,0,TRUE,200,SUCCESS,Results successfully retrieved.,0,1435,TRUE
vantage,10034187,THE TRINITY WELLNESS GROUP,QUADRANT_PERFORMANCE,10062061,200,SUCCESS,14502966,Your report has been started. Use the provided identifier to see if the report is finished and retrieve the results.,0,TRUE,200,SUCCESS,Results successfully retrieved.,0,3072,TRUE
vantage,10032876,AMITY PALM BEACH,QUADRANT_PERFORMANCE,10062061,200,SUCCESS,14502967,Your report has been started. Use the provided identifier to see if the report is finished and retrieve the results.,0,TRUE,200,SUCCESS,Results successfully retrieved.,0,18492,TRUE
enhance_health,10028395,CK FAMILY THERAPY,DENIAL_TRENDS,10078463,200,SUCCESS,14502970,Your report has been started. Use the provided identifier to see if the report is finished and retrieve the results.,1,TRUE,200,SUCCESS,Results successfully retrieved.,0,39359,TRUE
vantage,10035136,LIAH WELLNESS CENTER LLC,QUADRANT_PERFORMANCE,10062061,200,SUCCESS,14502972,Your report has been started. Use the provided identifier to see if the report is finished and retrieve the results.,1,TRUE,200,SUCCESS,Results successfully retrieved.,0,1636,TRUE
vantage,10035138,LIAH WELLNESS SERVICES PLLC,QUADRANT_PERFORMANCE,10062061,200,SUCCESS,14502973,Your report has been started. Use the provided identifier to see if the report is finished and retrieve the results.,0,TRUE,200,NO_DATA,"The report completed successfully, but no records were found matching the criteria used.",0,0,TRUE
vantage,10035139,THE BRIDGES OF HOUSTON LLC,QUADRANT_PERFORMANCE,10062061,200,SUCCESS,14502974,Your report has been started. Use the provided identifier to see if the report is finished and retrieve the results.,0,TRUE,200,SUCCESS,Results successfully retrieved.,0,1392,TRUE
vantage,10031998,1 SOLUTION WELLNESS,RCM_PRODUCTIVITY,10062064,200,SUCCESS,14502976,Your report has been started. Use the provided identifier to see if the report is finished and retrieve the results.,0,TRUE,200,SUCCESS,Results successfully retrieved.,0,12233,TRUE
vantage,10032271,AMITY SAN DIEGO,RCM_PRODUCTIVITY,10062064,200,SUCCESS,14502990,Your report has been started. Use the provided identifier to see if the report is finished and retrieve the results.,3,TRUE,200,SUCCESS,Results successfully retrieved.,0,13088,TRUE
vantage,10032272,NORTHRIDGE ADDICTION TREATMENT CENTERS,RCM_PRODUCTIVITY,10062064,200,SUCCESS,14503001,Your report has been started. Use the provided identifier to see if the report is finished and retrieve the results.,2,TRUE,200,SUCCESS,Results successfully retrieved.,0,1453,TRUE
vantage,10034661,PASSAGE TO RECOVERY,RCM_PRODUCTIVITY,10062064,200,SUCCESS,14503010,Your report has been started. Use the provided identifier to see if the report is finished and retrieve the results.,1,TRUE,200,SUCCESS,Results successfully retrieved.,0,3033,TRUE
vantage,10034812,SAN DIEGO WELLNESS,RCM_PRODUCTIVITY,10062064,200,SUCCESS,14503016,Your report has been started. Use the provided identifier to see if the report is finished and retrieve the results.,1,TRUE,200,SUCCESS,Results successfully retrieved.,0,1311,TRUE
vantage,10034187,THE TRINITY WELLNESS GROUP,RCM_PRODUCTIVITY,10062064,200,SUCCESS,14503023,Your report has been started. Use the provided identifier to see if the report is finished and retrieve the results.,1,TRUE,200,SUCCESS,Results successfully retrieved.,0,3101,TRUE
vantage,10032876,AMITY PALM BEACH,RCM_PRODUCTIVITY,10062064,200,SUCCESS,14503025,Your report has been started. Use the provided identifier to see if the report is finished and retrieve the results.,0,TRUE,200,SUCCESS,Results successfully retrieved.,0,9386,TRUE
vantage,10035136,LIAH WELLNESS CENTER LLC,RCM_PRODUCTIVITY,10062064,200,SUCCESS,14503030,Your report has been started. Use the provided identifier to see if the report is finished and retrieve the results.,1,TRUE,200,SUCCESS,Results successfully retrieved.,0,1206,TRUE
vantage,10035138,LIAH WELLNESS SERVICES PLLC,RCM_PRODUCTIVITY,10062064,200,SUCCESS,14503032,Your report has been started. Use the provided identifier to see if the report is finished and retrieve the results.,0,TRUE,200,NO_DATA,"The report completed successfully, but no records were found matching the criteria used.",0,0,TRUE
vantage,10035139,THE BRIDGES OF HOUSTON LLC,RCM_PRODUCTIVITY,10062064,200,SUCCESS,14503033,Your report has been started. Use the provided identifier to see if the report is finished and retrieve the results.,0,TRUE,200,SUCCESS,Results successfully retrieved.,0,1019,TRUE
vantage,10031998,1 SOLUTION WELLNESS,USER_TIME_SPREAD,10062065,200,SUCCESS,14503034,Your report has been started. Use the provided identifier to see if the report is finished and retrieve the results.,0,TRUE,200,SUCCESS,Results successfully retrieved.,0,74601,TRUE
vantage,10032271,AMITY SAN DIEGO,USER_TIME_SPREAD,10062065,200,SUCCESS,14503040,Your report has been started. Use the provided identifier to see if the report is finished and retrieve the results.,1,TRUE,200,SUCCESS,Results successfully retrieved.,0,62993,TRUE
vantage,10032272,NORTHRIDGE ADDICTION TREATMENT CENTERS,USER_TIME_SPREAD,10062065,200,SUCCESS,14503047,Your report has been started. Use the provided identifier to see if the report is finished and retrieve the results.,1,TRUE,200,SUCCESS,Results successfully retrieved.,0,8052,TRUE
vantage,10034661,PASSAGE TO RECOVERY,USER_TIME_SPREAD,10062065,200,SUCCESS,14503062,Your report has been started. Use the provided identifier to see if the report is finished and retrieve the results.,1,TRUE,200,SUCCESS,Results successfully retrieved.,0,12265,TRUE
enhance_health,10026936,EDEN BY ENHANCE,DENIAL_TRENDS,10078463,200,SUCCESS,14503067,Your report has been started. Use the provided identifier to see if the report is finished and retrieve the results.,14,TRUE,200,SUCCESS,Results successfully retrieved.,0,7714,TRUE
vantage,10034812,SAN DIEGO WELLNESS,USER_TIME_SPREAD,10062065,200,SUCCESS,14503074,Your report has been started. Use the provided identifier to see if the report is finished and retrieve the results.,1,TRUE,200,SUCCESS,Results successfully retrieved.,0,5024,TRUE
enhance_health,10026716,"EMBRACE TREATMENT, LLC",DENIAL_TRENDS,10078463,200,SUCCESS,14503080,Your report has been started. Use the provided identifier to see if the report is finished and retrieve the results.,1,TRUE,200,SUCCESS,Results successfully retrieved.,0,16741,TRUE
vantage,10034187,THE TRINITY WELLNESS GROUP,USER_TIME_SPREAD,10062065,200,SUCCESS,14503089,Your report has been started. Use the provided identifier to see if the report is finished and retrieve the results.,1,TRUE,200,SUCCESS,Results successfully retrieved.,0,11217,TRUE
vantage,10032876,AMITY PALM BEACH,USER_TIME_SPREAD,10062065,200,SUCCESS,14503101,Your report has been started. Use the provided identifier to see if the report is finished and retrieve the results.,1,TRUE,200,SUCCESS,Results successfully retrieved.,0,53755,TRUE
vantage,10035136,LIAH WELLNESS CENTER LLC,USER_TIME_SPREAD,10062065,200,SUCCESS,14503113,Your report has been started. Use the provided identifier to see if the report is finished and retrieve the results.,1,TRUE,200,SUCCESS,Results successfully retrieved.,0,5420,TRUE
enhance_health,10023994,"ENHANCE HEALTH GROUP, LLC",DENIAL_TRENDS,10078463,200,SUCCESS,14503115,Your report has been started. Use the provided identifier to see if the report is finished and retrieve the results.,3,TRUE,200,NO_DATA,This report was unable to complete and has timed out. Please modify your filters and try again.,0,0,TRUE
vantage,10035138,LIAH WELLNESS SERVICES PLLC,USER_TIME_SPREAD,10062065,200,SUCCESS,14503128,Your report has been started. Use the provided identifier to see if the report is finished and retrieve the results.,1,TRUE,200,SUCCESS,Results successfully retrieved.,0,18,TRUE
vantage,10035139,THE BRIDGES OF HOUSTON LLC,USER_TIME_SPREAD,10062065,200,SUCCESS,14503130,Your report has been started. Use the provided identifier to see if the report is finished and retrieve the results.,0,TRUE,200,SUCCESS,Results successfully retrieved.,0,4590,TRUE
vantage,10031998,1 SOLUTION WELLNESS,WRITE_OFF_TREND,10062066,200,SUCCESS,14503140,Your report has been started. Use the provided identifier to see if the report is finished and retrieve the results.,1,TRUE,200,SUCCESS,Results successfully retrieved.,0,8082,TRUE
vantage,10032271,AMITY SAN DIEGO,WRITE_OFF_TREND,10062066,200,SUCCESS,14503150,Your report has been started. Use the provided identifier to see if the report is finished and retrieve the results.,1,TRUE,200,SUCCESS,Results successfully retrieved.,0,7584,TRUE
vantage,10032272,NORTHRIDGE ADDICTION TREATMENT CENTERS,WRITE_OFF_TREND,10062066,200,SUCCESS,14503160,Your report has been started. Use the provided identifier to see if the report is finished and retrieve the results.,1,TRUE,200,SUCCESS,Results successfully retrieved.,0,850,TRUE
vantage,10034661,PASSAGE TO RECOVERY,WRITE_OFF_TREND,10062066,200,SUCCESS,14503170,Your report has been started. Use the provided identifier to see if the report is finished and retrieve the results.,1,TRUE,200,SUCCESS,Results successfully retrieved.,0,1228,TRUE
vantage,10034812,SAN DIEGO WELLNESS,WRITE_OFF_TREND,10062066,200,SUCCESS,14503182,Your report has been started. Use the provided identifier to see if the report is finished and retrieve the results.,1,TRUE,200,SUCCESS,Results successfully retrieved.,0,512,TRUE
vantage,10034187,THE TRINITY WELLNESS GROUP,WRITE_OFF_TREND,10062066,200,SUCCESS,14503192,Your report has been started. Use the provided identifier to see if the report is finished and retrieve the results.,1,TRUE,200,SUCCESS,Results successfully retrieved.,0,1071,TRUE
vantage,10032876,AMITY PALM BEACH,WRITE_OFF_TREND,10062066,200,SUCCESS,14503194,Your report has been started. Use the provided identifier to see if the report is finished and retrieve the results.,0,TRUE,200,SUCCESS,Results successfully retrieved.,0,5269,TRUE
vantage,10035136,LIAH WELLNESS CENTER LLC,WRITE_OFF_TREND,10062066,200,SUCCESS,14503204,Your report has been started. Use the provided identifier to see if the report is finished and retrieve the results.,1,TRUE,200,SUCCESS,Results successfully retrieved.,0,727,TRUE
vantage,10035138,LIAH WELLNESS SERVICES PLLC,WRITE_OFF_TREND,10062066,200,SUCCESS,14503205,Your report has been started. Use the provided identifier to see if the report is finished and retrieve the results.,0,TRUE,200,NO_DATA,"The report completed successfully, but no records were found matching the criteria used.",0,0,TRUE
vantage,10035139,THE BRIDGES OF HOUSTON LLC,WRITE_OFF_TREND,10062066,200,SUCCESS,14503207,Your report has been started. Use the provided identifier to see if the report is finished and retrieve the results.,0,TRUE,200,SUCCESS,Results successfully retrieved.,0,667,TRUE
vantage,10031998,1 SOLUTION WELLNESS,PDR3_CALCULATOR,10085814,200,SUCCESS,14503208,Your report has been started. Use the provided identifier to see if the report is finished and retrieve the results.,0,TRUE,200,SUCCESS,Results successfully retrieved.,0,27035,TRUE
vantage,10032271,AMITY SAN DIEGO,PDR3_CALCULATOR,10085814,200,SUCCESS,14503245,Your report has been started. Use the provided identifier to see if the report is finished and retrieve the results.,4,TRUE,200,SUCCESS,Results successfully retrieved.,0,19862,TRUE
vantage,10032272,NORTHRIDGE ADDICTION TREATMENT CENTERS,PDR3_CALCULATOR,10085814,200,SUCCESS,14503272,Your report has been started. Use the provided identifier to see if the report is finished and retrieve the results.,3,TRUE,200,SUCCESS,Results successfully retrieved.,0,2463,TRUE
vantage,10034661,PASSAGE TO RECOVERY,PDR3_CALCULATOR,10085814,200,SUCCESS,14503274,Your report has been started. Use the provided identifier to see if the report is finished and retrieve the results.,0,TRUE,200,SUCCESS,Results successfully retrieved.,0,3727,TRUE
vantage,10034812,SAN DIEGO WELLNESS,PDR3_CALCULATOR,10085814,200,SUCCESS,14503284,Your report has been started. Use the provided identifier to see if the report is finished and retrieve the results.,1,TRUE,200,SUCCESS,Results successfully retrieved.,0,1428,TRUE
vantage,10034187,THE TRINITY WELLNESS GROUP,PDR3_CALCULATOR,10085814,200,SUCCESS,14503287,Your report has been started. Use the provided identifier to see if the report is finished and retrieve the results.,0,TRUE,200,SUCCESS,Results successfully retrieved.,0,3072,TRUE
vantage,10032876,AMITY PALM BEACH,PDR3_CALCULATOR,10085814,200,SUCCESS,14503297,Your report has been started. Use the provided identifier to see if the report is finished and retrieve the results.,1,TRUE,200,SUCCESS,Results successfully retrieved.,0,18492,TRUE
enhance_health,10026559,10026559,DENIAL_TRENDS,10078463,200,SUCCESS,14503307,Your report has been started. Use the provided identifier to see if the report is finished and retrieve the results.,20,TRUE,200,SUCCESS,Results successfully retrieved.,0,17932,TRUE
vantage,10035136,LIAH WELLNESS CENTER LLC,PDR3_CALCULATOR,10085814,200,SUCCESS,14503313,Your report has been started. Use the provided identifier to see if the report is finished and retrieve the results.,2,TRUE,200,SUCCESS,Results successfully retrieved.,0,1636,TRUE
vantage,10035138,LIAH WELLNESS SERVICES PLLC,PDR3_CALCULATOR,10085814,200,SUCCESS,14503314,Your report has been started. Use the provided identifier to see if the report is finished and retrieve the results.,0,TRUE,200,NO_DATA,"The report completed successfully, but no records were found matching the criteria used.",0,0,TRUE
vantage,10035139,THE BRIDGES OF HOUSTON LLC,PDR3_CALCULATOR,10085814,200,SUCCESS,14503315,Your report has been started. Use the provided identifier to see if the report is finished and retrieve the results.,0,TRUE,200,SUCCESS,Results successfully retrieved.,0,1392,TRUE
vantage,10031998,1 SOLUTION WELLNESS,REV_REC_CHARGES,10085817,200,SUCCESS,14503317,Your report has been started. Use the provided identifier to see if the report is finished and retrieve the results.,0,TRUE,200,SUCCESS,Results successfully retrieved.,0,5169,TRUE
vantage,10032271,AMITY SAN DIEGO,REV_REC_CHARGES,10085817,200,SUCCESS,14503333,Your report has been started. Use the provided identifier to see if the report is finished and retrieve the results.,2,TRUE,200,SUCCESS,Results successfully retrieved.,0,5105,TRUE
vantage,10032272,NORTHRIDGE ADDICTION TREATMENT CENTERS,REV_REC_CHARGES,10085817,200,SUCCESS,14503337,Your report has been started. Use the provided identifier to see if the report is finished and retrieve the results.,1,TRUE,200,SUCCESS,Results successfully retrieved.,0,605,TRUE
enhance_health,10028395,CK FAMILY THERAPY,PAYMENT_TREND,10078516,200,SUCCESS,14503338,Your report has been started. Use the provided identifier to see if the report is finished and retrieve the results.,4,TRUE,200,NO_DATA,This report was unable to complete and has timed out. Please modify your filters and try again.,0,0,TRUE
vantage,10034661,PASSAGE TO RECOVERY,REV_REC_CHARGES,10085817,200,SUCCESS,14503344,Your report has been started. Use the provided identifier to see if the report is finished and retrieve the results.,1,TRUE,200,SUCCESS,Results successfully retrieved.,0,1208,TRUE
vantage,10034812,SAN DIEGO WELLNESS,REV_REC_CHARGES,10085817,200,SUCCESS,14503350,Your report has been started. Use the provided identifier to see if the report is finished and retrieve the results.,1,TRUE,200,SUCCESS,Results successfully retrieved.,0,774,TRUE
vantage,10034187,THE TRINITY WELLNESS GROUP,REV_REC_CHARGES,10085817,200,SUCCESS,14503356,Your report has been started. Use the provided identifier to see if the report is finished and retrieve the results.,1,TRUE,200,SUCCESS,Results successfully retrieved.,0,1166,TRUE
vantage,10032876,AMITY PALM BEACH,REV_REC_CHARGES,10085817,200,SUCCESS,14503359,Your report has been started. Use the provided identifier to see if the report is finished and retrieve the results.,1,TRUE,200,SUCCESS,Results successfully retrieved.,0,3916,TRUE
vantage,10035136,LIAH WELLNESS CENTER LLC,REV_REC_CHARGES,10085817,200,SUCCESS,14503361,Your report has been started. Use the provided identifier to see if the report is finished and retrieve the results.,1,TRUE,200,SUCCESS,Results successfully retrieved.,0,800,TRUE
vantage,10035138,LIAH WELLNESS SERVICES PLLC,REV_REC_CHARGES,10085817,200,SUCCESS,14503366,Your report has been started. Use the provided identifier to see if the report is finished and retrieve the results.,1,TRUE,200,NO_DATA,"The report completed successfully, but no records were found matching the criteria used.",0,0,TRUE
vantage,10035139,THE BRIDGES OF HOUSTON LLC,REV_REC_CHARGES,10085817,200,SUCCESS,14503367,Your report has been started. Use the provided identifier to see if the report is finished and retrieve the results.,0,TRUE,200,SUCCESS,Results successfully retrieved.,0,737,TRUE
vantage,10031998,1 SOLUTION WELLNESS,REV_REC_PAYMENTS,10085815,200,SUCCESS,14503370,Your report has been started. Use the provided identifier to see if the report is finished and retrieve the results.,1,TRUE,200,SUCCESS,Results successfully retrieved.,0,27035,TRUE
vantage,10032271,AMITY SAN DIEGO,REV_REC_PAYMENTS,10085815,200,SUCCESS,14503394,Your report has been started. Use the provided identifier to see if the report is finished and retrieve the results.,4,TRUE,200,SUCCESS,Results successfully retrieved.,0,19862,TRUE
vantage,10032272,NORTHRIDGE ADDICTION TREATMENT CENTERS,REV_REC_PAYMENTS,10085815,200,SUCCESS,14503415,Your report has been started. Use the provided identifier to see if the report is finished and retrieve the results.,3,TRUE,200,SUCCESS,Results successfully retrieved.,0,2463,TRUE
vantage,10034661,PASSAGE TO RECOVERY,REV_REC_PAYMENTS,10085815,200,SUCCESS,14503416,Your report has been started. Use the provided identifier to see if the report is finished and retrieve the results.,0,TRUE,200,SUCCESS,Results successfully retrieved.,0,3727,TRUE
vantage,10034812,SAN DIEGO WELLNESS,REV_REC_PAYMENTS,10085815,200,SUCCESS,14503427,Your report has been started. Use the provided identifier to see if the report is finished and retrieve the results.,1,TRUE,200,SUCCESS,Results successfully retrieved.,0,1428,TRUE
vantage,10034187,THE TRINITY WELLNESS GROUP,REV_REC_PAYMENTS,10085815,200,SUCCESS,14503430,Your report has been started. Use the provided identifier to see if the report is finished and retrieve the results.,0,TRUE,200,SUCCESS,Results successfully retrieved.,0,3072,TRUE
vantage,10032876,AMITY PALM BEACH,REV_REC_PAYMENTS,10085815,200,SUCCESS,14503442,Your report has been started. Use the provided identifier to see if the report is finished and retrieve the results.,1,TRUE,200,SUCCESS,Results successfully retrieved.,0,18492,TRUE
vantage,10035136,LIAH WELLNESS CENTER LLC,REV_REC_PAYMENTS,10085815,200,SUCCESS,14503457,Your report has been started. Use the provided identifier to see if the report is finished and retrieve the results.,2,TRUE,200,SUCCESS,Results successfully retrieved.,0,1636,TRUE
vantage,10035138,LIAH WELLNESS SERVICES PLLC,REV_REC_PAYMENTS,10085815,200,SUCCESS,14503459,Your report has been started. Use the provided identifier to see if the report is finished and retrieve the results.,0,TRUE,200,NO_DATA,"The report completed successfully, but no records were found matching the criteria used.",0,0,TRUE
vantage,10035139,THE BRIDGES OF HOUSTON LLC,REV_REC_PAYMENTS,10085815,200,SUCCESS,14503460,Your report has been started. Use the provided identifier to see if the report is finished and retrieve the results.,0,TRUE,200,SUCCESS,Results successfully retrieved.,0,1392,TRUE
enhance_health,10026936,EDEN BY ENHANCE,PAYMENT_TREND,10078516,200,SUCCESS,14503466,Your report has been started. Use the provided identifier to see if the report is finished and retrieve the results.,20,TRUE,200,SUCCESS,Results successfully retrieved.,0,11370,TRUE
enhance_health,10026716,"EMBRACE TREATMENT, LLC",PAYMENT_TREND,10078516,200,SUCCESS,14503481,Your report has been started. Use the provided identifier to see if the report is finished and retrieve the results.,2,TRUE,200,SUCCESS,Results successfully retrieved.,0,21406,TRUE
enhance_health,10023994,"ENHANCE HEALTH GROUP, LLC",PAYMENT_TREND,10078516,200,SUCCESS,14503491,Your report has been started. Use the provided identifier to see if the report is finished and retrieve the results.,4,TRUE,200,NO_DATA,An unexpected error prevented your report from being processed.,0,0,TRUE
enhance_health,10026559,10026559,PAYMENT_TREND,10078516,200,SUCCESS,14503579,Your report has been started. Use the provided identifier to see if the report is finished and retrieve the results.,20,TRUE,200,SUCCESS,Results successfully retrieved.,0,23718,TRUE
enhance_health,10028395,CK FAMILY THERAPY,RCM_PRODUCTIVITY,10066805,200,SUCCESS,14503621,Your report has been started. Use the provided identifier to see if the report is finished and retrieve the results.,6,TRUE,200,SUCCESS,Results successfully retrieved.,0,1928,TRUE
enhance_health,10026936,EDEN BY ENHANCE,RCM_PRODUCTIVITY,10066805,200,SUCCESS,14503627,Your report has been started. Use the provided identifier to see if the report is finished and retrieve the results.,1,TRUE,200,SUCCESS,Results successfully retrieved.,0,568,TRUE
enhance_health,10026716,"EMBRACE TREATMENT, LLC",RCM_PRODUCTIVITY,10066805,200,SUCCESS,14503637,Your report has been started. Use the provided identifier to see if the report is finished and retrieve the results.,1,TRUE,200,SUCCESS,Results successfully retrieved.,0,650,TRUE
enhance_health,10023994,"ENHANCE HEALTH GROUP, LLC",RCM_PRODUCTIVITY,10066805,200,SUCCESS,14503649,Your report has been started. Use the provided identifier to see if the report is finished and retrieve the results.,1,TRUE,200,SUCCESS,Results successfully retrieved.,0,11482,TRUE
enhance_health,10026559,10026559,RCM_PRODUCTIVITY,10066805,200,SUCCESS,14503693,Your report has been started. Use the provided identifier to see if the report is finished and retrieve the results.,6,TRUE,200,SUCCESS,Results successfully retrieved.,0,1090,TRUE
enhance_health,10028395,CK FAMILY THERAPY,USER_TIME_SPREAD,10078520,200,SUCCESS,14503703,Your report has been started. Use the provided identifier to see if the report is finished and retrieve the results.,1,TRUE,200,NO_DATA,"The report completed successfully, but no records were found matching the criteria used.",0,0,FALSE
enhance_health,10026936,EDEN BY ENHANCE,USER_TIME_SPREAD,10078520,200,SUCCESS,14503704,Your report has been started. Use the provided identifier to see if the report is finished and retrieve the results.,0,TRUE,200,NO_DATA,"The report completed successfully, but no records were found matching the criteria used.",0,0,FALSE
enhance_health,10026716,"EMBRACE TREATMENT, LLC",USER_TIME_SPREAD,10078520,200,SUCCESS,14503707,Your report has been started. Use the provided identifier to see if the report is finished and retrieve the results.,0,TRUE,200,NO_DATA,"The report completed successfully, but no records were found matching the criteria used.",0,0,FALSE
enhance_health,10023994,"ENHANCE HEALTH GROUP, LLC",USER_TIME_SPREAD,10078520,200,SUCCESS,14503708,Your report has been started. Use the provided identifier to see if the report is finished and retrieve the results.,0,TRUE,200,NO_DATA,"The report completed successfully, but no records were found matching the criteria used.",0,0,FALSE
enhance_health,10026559,10026559,USER_TIME_SPREAD,10078520,200,SUCCESS,14503709,Your report has been started. Use the provided identifier to see if the report is finished and retrieve the results.,0,TRUE,200,NO_DATA,"The report completed successfully, but no records were found matching the criteria used.",0,0,FALSE
enhance_health,10028395,CK FAMILY THERAPY,WRITE_OFF_TREND,10078521,200,SUCCESS,14503710,Your report has been started. Use the provided identifier to see if the report is finished and retrieve the results.,0,TRUE,200,SUCCESS,Results successfully retrieved.,0,18941,TRUE
enhance_health,10026936,EDEN BY ENHANCE,WRITE_OFF_TREND,10078521,200,SUCCESS,14503715,Your report has been started. Use the provided identifier to see if the report is finished and retrieve the results.,1,TRUE,200,SUCCESS,Results successfully retrieved.,0,5345,TRUE
enhance_health,10026716,"EMBRACE TREATMENT, LLC",WRITE_OFF_TREND,10078521,200,SUCCESS,14503719,Your report has been started. Use the provided identifier to see if the report is finished and retrieve the results.,1,TRUE,200,SUCCESS,Results successfully retrieved.,0,8545,TRUE
enhance_health,10023994,"ENHANCE HEALTH GROUP, LLC",WRITE_OFF_TREND,10078521,200,SUCCESS,14503725,Your report has been started. Use the provided identifier to see if the report is finished and retrieve the results.,1,TRUE,200,SUCCESS,Results successfully retrieved.,0,112157,TRUE
enhance_health,10026559,10026559,WRITE_OFF_TREND,10078521,200,SUCCESS,14503756,Your report has been started. Use the provided identifier to see if the report is finished and retrieve the results.,5,TRUE,200,SUCCESS,Results successfully retrieved.,0,9459,TRUE
enhance_health,10028395,CK FAMILY THERAPY,PDR3_CALCULATOR,10078522,200,SUCCESS,14503760,Your report has been started. Use the provided identifier to see if the report is finished and retrieve the results.,1,TRUE,200,SUCCESS,Results successfully retrieved.,0,17023,TRUE
enhance_health,10026936,EDEN BY ENHANCE,PDR3_CALCULATOR,10078522,200,SUCCESS,14503763,Your report has been started. Use the provided identifier to see if the report is finished and retrieve the results.,1,TRUE,200,SUCCESS,Results successfully retrieved.,0,4572,TRUE
enhance_health,10026716,"EMBRACE TREATMENT, LLC",PDR3_CALCULATOR,10078522,200,SUCCESS,14503768,Your report has been started. Use the provided identifier to see if the report is finished and retrieve the results.,1,TRUE,200,SUCCESS,Results successfully retrieved.,0,6803,TRUE
enhance_health,10023994,"ENHANCE HEALTH GROUP, LLC",PDR3_CALCULATOR,10078522,200,SUCCESS,14503771,Your report has been started. Use the provided identifier to see if the report is finished and retrieve the results.,1,TRUE,200,SUCCESS,Results successfully retrieved.,0,98840,TRUE
enhance_health,10026559,10026559,PDR3_CALCULATOR,10078522,200,SUCCESS,14503782,Your report has been started. Use the provided identifier to see if the report is finished and retrieve the results.,4,TRUE,200,SUCCESS,Results successfully retrieved.,0,9160,TRUE
enhance_health,10028395,CK FAMILY THERAPY,REV_REC_CHARGES,10078523,200,SUCCESS,14503786,Your report has been started. Use the provided identifier to see if the report is finished and retrieve the results.,1,TRUE,200,SUCCESS,Results successfully retrieved.,0,15184,TRUE
enhance_health,10026936,EDEN BY ENHANCE,REV_REC_CHARGES,10078523,200,SUCCESS,14503793,Your report has been started. Use the provided identifier to see if the report is finished and retrieve the results.,2,TRUE,200,SUCCESS,Results successfully retrieved.,0,4095,TRUE
enhance_health,10026716,"EMBRACE TREATMENT, LLC",REV_REC_CHARGES,10078523,200,SUCCESS,14503796,Your report has been started. Use the provided identifier to see if the report is finished and retrieve the results.,1,TRUE,200,SUCCESS,Results successfully retrieved.,0,5273,TRUE
enhance_health,10023994,"ENHANCE HEALTH GROUP, LLC",REV_REC_CHARGES,10078523,200,SUCCESS,14503801,Your report has been started. Use the provided identifier to see if the report is finished and retrieve the results.,1,TRUE,200,SUCCESS,Results successfully retrieved.,0,81898,TRUE
enhance_health,10026559,10026559,REV_REC_CHARGES,10078523,200,SUCCESS,14503842,Your report has been started. Use the provided identifier to see if the report is finished and retrieve the results.,6,TRUE,200,SUCCESS,Results successfully retrieved.,0,8311,TRUE
enhance_health,10028395,CK FAMILY THERAPY,REV_REC_PAYMENTS,10078524,200,SUCCESS,14503850,Your report has been started. Use the provided identifier to see if the report is finished and retrieve the results.,1,TRUE,200,NO_DATA,"The report completed successfully, but no records were found matching the criteria used.",0,0,FALSE
enhance_health,10026936,EDEN BY ENHANCE,REV_REC_PAYMENTS,10078524,200,SUCCESS,14503851,Your report has been started. Use the provided identifier to see if the report is finished and retrieve the results.,0,TRUE,200,NO_DATA,"The report completed successfully, but no records were found matching the criteria used.",0,0,FALSE
enhance_health,10026716,"EMBRACE TREATMENT, LLC",REV_REC_PAYMENTS,10078524,200,SUCCESS,14503853,Your report has been started. Use the provided identifier to see if the report is finished and retrieve the results.,0,TRUE,200,NO_DATA,"The report completed successfully, but no records were found matching the criteria used.",0,0,FALSE
enhance_health,10023994,"ENHANCE HEALTH GROUP, LLC",REV_REC_PAYMENTS,10078524,200,SUCCESS,14503854,Your report has been started. Use the provided identifier to see if the report is finished and retrieve the results.,0,TRUE,200,NO_DATA,"The report completed successfully, but no records were found matching the criteria used.",0,0,FALSE
enhance_health,10026559,10026559,REV_REC_PAYMENTS,10078524,200,SUCCESS,14503856,Your report has been started. Use the provided identifier to see if the report is finished and retrieve the results.,0,TRUE,200,NO_DATA,"The report completed successfully, but no records were found matching the criteria used.",0,0,FALSE